"hgy_external_id","hyrox_official_name","name","slug","brand_ref","brand_resolution","postal_code","prefecture","city","address_line","latitude","longitude","official_url","source_url","location_type","last_verified_at","stale_at","collision_status","candidate_hash"
"HGY_0PfI4t6UgVADRV7RfgXX48PR8","Yoshiyuki Hirano 善之 平野","Yoshiyuki Hirano 善之 平野","yoshiyuki-hirano-5770002","brand:yoshiyuki-hirano","NEW_SINGLE_LOCATION_BRAND","5770002","大阪府","東大阪市","577-0002, osaka, higashiosakashi, 1-3-25, inadauemachi","34.692082","135.5818466","https://www.field-gym.com/higashiosaka/","https://hyrox-training-finder.hyrox.com/gym/HGY_0PfI4t6UgVADRV7RfgXX48PR8","fitness_studio","2026-08-29T23:03:31.000Z","2026-11-27T23:03:31.000Z","clear","92f1405021ae4c72b34daa2f97a87cee1deecb937fe02d2cc07aee9757bc2d58"
"HGY_1kQTLdyeblDc6Nbt13qiH5oib","RESTORE BASE","RESTORE BASE","restore-base-2310806","brand:restore-base","NEW_SINGLE_LOCATION_BRAND","2310806","神奈川県","横浜市中区","2310806, Yokohama, Naka-ward honmoku 2-325","35.4299757","139.6611923","https://restorebase.jp/","https://hyrox-training-finder.hyrox.com/gym/HGY_1kQTLdyeblDc6Nbt13qiH5oib","fitness_studio","2026-08-29T23:03:31.000Z","2026-11-27T23:03:31.000Z","clear","aed6ce594cd2ee016d93ec4aca2691a1f01a596b20d4831d1da8b936aa43d978"
"HGY_4GF2DeDJoIzNRU4jn9scAv65V","CLUB 360","CLUB 360","club-360-1060046","brand:club-360","NEW_SINGLE_LOCATION_BRAND","1060046","東京都","港区","106-0046, Minato City, Vort Building B1","35.6580259","139.7275425","https://www.club360.jp/hyrox","https://hyrox-training-finder.hyrox.com/gym/HGY_4GF2DeDJoIzNRU4jn9scAv65V","fitness_studio","2026-08-29T23:03:31.000Z","2026-11-27T23:03:31.000Z","clear","31892188b035cc5ecad0dba419a0bbaa7f64c3437ef20ae7ef579847df1f2e77"
"HGY_4wRU1wOwpCjXj6RwKZq46kVfA","UBX Gakugeidaigaku","UBX 学芸大学","ubx-1520004","brand:ubx","NEW_SINGLE_LOCATION_BRAND","1520004","東京都","目黒区","1520004, Meguro-ku, Tokyo, Mansion Takaban BF, 2-4-7 Takaban","35.6288146","139.6894208","https://www.provanet.co.jp/business/ubx/","https://hyrox-training-finder.hyrox.com/gym/HGY_4wRU1wOwpCjXj6RwKZq46kVfA","fitness_studio","2026-08-29T23:03:31.000Z","2026-11-27T23:03:31.000Z","clear","ba1adfeff1db573aa0763aa0d8b1127714279a8a17c93bf226492cbf43bbe450"
"HGY_6lR3pcwsQaSGSlsQTdrNrO1jc","FITONE SHIBUYA","FITONE SHIBUYA","fitone-shibuya-1500011","brand:fitone-shibuya","NEW_SINGLE_LOCATION_BRAND","1500011","東京都","渋谷区","150-0011, Shibuya, 2-17-9 Higashi, Shibuya-ku","35.6523533","139.7091351","https://fitone-club.com/","https://hyrox-training-finder.hyrox.com/gym/HGY_6lR3pcwsQaSGSlsQTdrNrO1jc","fitness_studio","2026-08-29T23:03:31.000Z","2026-11-27T23:03:31.000Z","clear","4640a5e3af1e66dec0dcb0646dcc81bd23afab57ee1c45680c698c5800d691c8"
"HGY_6okPO396AJbISj7LTMTlrkEPD","SamiFitness","SamiFitness","samifitness-1060047","brand:samifitness","NEW_SINGLE_LOCATION_BRAND","1060047","東京都","港区","1060047, Tokyo, Minami Azabu 5-2-9","35.6551108","139.7248078","https://samifitnesstokyo.com/","https://hyrox-training-finder.hyrox.com/gym/HGY_6okPO396AJbISj7LTMTlrkEPD","fitness_studio","2026-08-29T23:03:31.000Z","2026-11-27T23:03:31.000Z","clear","a150cd4cf84e41cb398c8f315c39c00caaf08e861d6ce91f6870cb14e9c29ed3"
"HGY_7FDA3W6p88v6evTHGBhfHFrvP","LUAANA CLUB","LUAANA CLUB 蒲田池上店","luaana-club-1460082","brand:luaana-club","NEW_SINGLE_LOCATION_BRAND","1460082","東京都","大田区","1460082, Ota-ku, 7-10-10 Ikegami","35.5715997","139.7018007","https://www.luaanaclub.com/","https://hyrox-training-finder.hyrox.com/gym/HGY_7FDA3W6p88v6evTHGBhfHFrvP","fitness_studio","2026-08-29T23:03:31.000Z","2026-11-27T23:03:31.000Z","clear","937902179d050a25c6213905d6b129c2c2e477b7c5c65a969b9d51920fb3a9d3"
"HGY_7MJZO3Hp7vJJplWi30g6yPwIZ","Good Habit daikanyama","Good Habit daikanyama","good-habit-daikanyama-1500033","brand:good-habit-daikanyama","NEW_SINGLE_LOCATION_BRAND","1500033","東京都","渋谷区","1500033, shibuyaku, 9-2 レ・ミストラルdaikanyamaB1F","35.650957","139.7033232","https://g-habit.com/","https://hyrox-training-finder.hyrox.com/gym/HGY_7MJZO3Hp7vJJplWi30g6yPwIZ","fitness_studio","2026-08-29T23:03:31.000Z","2026-11-27T23:03:31.000Z","clear","4f9c5db683b6b026a5100e3926fa4f165dcf5d70b8ae0a15a599392fd24a42dc"
"HGY_8sKmKHEiaR8tARb6zZUUbaYjU","ジムフィールド所沢スタジオ","ジムフィールド 所沢スタジオ","hyrox-training-club-3590023","brand:gym-field","NEW_CHAIN_BRAND","3590023","埼玉県","所沢市","3590023, 所沢市, 東所沢和田３丁目３１−３","35.7970394","139.5070773","https://www.gym-field.com/studio/","https://hyrox-training-finder.hyrox.com/gym/HGY_8sKmKHEiaR8tARb6zZUUbaYjU","fitness_studio","2026-08-29T23:03:31.000Z","2026-11-27T23:03:31.000Z","clear","3b6b8b877c1241a53f9e0fbbfab770b6ccaccdce3365d2d03eba7dad26fcb9b1"
"HGY_9IKMUsTNBlBvTvkWFddMxqsEg","Personalgym VITA","Personalgym VITA","personalgym-vita-4440858","brand:personalgym-vita","NEW_SINGLE_LOCATION_BRAND","4440858","愛知県","岡崎市","4440858, Okazaki-shi, 2F,2-7-16,kamimutsuna","34.9499922","137.1544904","https://vita-e.jp/","https://hyrox-training-finder.hyrox.com/gym/HGY_9IKMUsTNBlBvTvkWFddMxqsEg","bodymake_gym","2026-08-29T23:03:31.000Z","2026-11-27T23:03:31.000Z","clear","49493f99a05f088f247afc5346a590120608eedc7c4eecf76601f9f21da7d8de"
"HGY_9poyQWuldcVuaHADNMHWTPRfQ","CrossFit Machiya","CrossFit Machiya","crossfit-machiya-1160002","brand:crossfit-machiya","NEW_SINGLE_LOCATION_BRAND","1160002","東京都","荒川区","116-0002, Arakawa City, 荒川区荒川6－6－1","35.7427073","139.7801508","https://www.crossfitmachiya.com/","https://hyrox-training-finder.hyrox.com/gym/HGY_9poyQWuldcVuaHADNMHWTPRfQ","fitness_studio","2026-08-29T23:03:31.000Z","2026-11-27T23:03:31.000Z","clear","aad1a2efd034887e887ddd6861defc82774f6d6ee0feefa0c16b541b4da4c78d"
"HGY_A6L66KJGjc8HfLRFmuyJgBMyQ","BEYOND浜松店","BEYOND 浜松店","beyond-4300924","brand:beyond","NEW_CHAIN_BRAND","4300924","静岡県","浜松市中央区","4300924, 静岡県浜松市, 中央区龍禅寺町７４−１ フジビル 101","34.69808080000001","137.7394271","https://beyond-gym.com/gym/gym-hamamatsu/","https://hyrox-training-finder.hyrox.com/gym/HGY_A6L66KJGjc8HfLRFmuyJgBMyQ","fitness_studio","2026-08-29T23:03:31.000Z","2026-11-27T23:03:31.000Z","clear","715a65cd71b9cd2b2549a06291fa0fe09baf39d5ede189ea025cc00875a351a8"
"HGY_AoLBcMl9MBTosyMcyW5KxrTM4","オレンジセオリーフィットネス三鷹","オレンジセオリーフィットネス三鷹","hyrox-training-club-1810013","brand:orangetheory-fitness","NEW_CHAIN_BRAND","1810013","東京都","三鷹市","181-0013, Mitaka, 2nd Ninotaka Bldg. 2F, 3-34-4 Shimorenjaku","35.7004412","139.5608489","https://www.orangetheoryfitness.co.jp/mitaka/","https://hyrox-training-finder.hyrox.com/gym/HGY_AoLBcMl9MBTosyMcyW5KxrTM4","fitness_studio","2026-08-29T23:03:31.000Z","2026-11-27T23:03:31.000Z","clear","39a1c7aa7c1e5e247529d47f2915d36f9cdb83de2d503b9411b1cb904b6d1977"
"HGY_B9sy6uIdHbgwEkUt5vKBAigMH","オレンジセオリーフィットネス下北沢","オレンジセオリーフィットネス下北沢","hyrox-training-club-1550032","brand:orangetheory-fitness","NEW_CHAIN_BRAND","1550032","東京都","世田谷区","155-0032, Setagaya, No.R Shimokitazawa B1F, 5-31-8 Daizawa","35.6586747","139.6675649","https://www.orangetheoryfitness.co.jp/shimokitazawa/","https://hyrox-training-finder.hyrox.com/gym/HGY_B9sy6uIdHbgwEkUt5vKBAigMH","fitness_studio","2026-08-29T23:03:31.000Z","2026-11-27T23:03:31.000Z","clear","36d5ea78e7f9068b5061738a25e4948de3ab5674852a4852984a822f858c5bde"
"HGY_C71sb4HIOLDnsHEpGiA3caMOJ","ELEMENT 池尻大橋店","ELEMENT 池尻大橋店","element-1530042","brand:element","NEW_SINGLE_LOCATION_BRAND","1530042","東京都","目黒区","153-0042, 東京都, 目黒区青葉台３丁目１２−７ モアリッシェル代官山青葉台 B1","35.6514508","139.6911215","https://element-gym.com/","https://hyrox-training-finder.hyrox.com/gym/HGY_C71sb4HIOLDnsHEpGiA3caMOJ","fitness_studio","2026-08-29T23:03:31.000Z","2026-11-27T23:03:31.000Z","clear","627ce863662ca10f4086691c03ff7f712108ef2198135706c3ca221a5647c49c"
"HGY_CKpn4DHneWfrqTUVaA7D5Whop","VAMOS","VAMOS","vamos-1500011","brand:vamos","NEW_SINGLE_LOCATION_BRAND","1500011","東京都","渋谷区","1500011, 3-20-2 KIビル, Tokyo Shibuya-ku Higashi","35.65026200000001","139.7089814","https://vamos-training.com/ja","https://hyrox-training-finder.hyrox.com/gym/HGY_CKpn4DHneWfrqTUVaA7D5Whop","fitness_studio","2026-08-29T23:03:31.000Z","2026-11-27T23:03:31.000Z","clear","6c0621fb2f413303e32934939e3b275008c1acca9761f284fcfd9b4c757d2a85"
"HGY_Ct7U9fHhZ9namSPnoClvfxBCd","BEYOND山形店","BEYOND 山形店","beyond-9900054","brand:beyond","NEW_CHAIN_BRAND","9900054","山形県","山形市","9900054, 山形市, 六日町６－４０　スペースYOU１F","38.2596403","140.3438732","https://beyond-gym.com/gym/gym-yamagata/","https://hyrox-training-finder.hyrox.com/gym/HGY_Ct7U9fHhZ9namSPnoClvfxBCd","fitness_studio","2026-08-29T23:03:31.000Z","2026-11-27T23:03:31.000Z","clear","e0a7b8a76ae4f331879c0bc8f0c8ff77158c0207bb6957a79765dbee760f3d89"
"HGY_DnvhbwSSMXQWN6DL1AdCp966G","Gold’s Gym Kashihara Nara","ゴールドジム 橿原奈良","hyrox-training-club-6340008","brand:golds-gym","EXISTING_BRAND_REUSE","6340008","奈良県","橿原市","6340008, Toichicho, Kashihara-shi, 2F Twin Gate Kashihara,1222-1","34.5292832","135.7965551","https://www.goldsgym.jp/shop/kashihara-nara/","https://hyrox-training-finder.hyrox.com/gym/HGY_DnvhbwSSMXQWN6DL1AdCp966G","fitness_club","2026-08-29T23:03:31.000Z","2026-11-27T23:03:31.000Z","clear","16c74e5ac1d9912d3a201edcf8c7056811b388c988eaaf1254bd8cd3cb5ec8cc"
"HGY_DWTQ6FfFIG3fDJP1helxDpfmL","F45 Training Hamamatsucho","F45 Training Hamamatsucho","f45-training-hamamatsucho","brand:f45-training","NEW_SINGLE_LOCATION_BRAND","1050013","東京都","港区","105-0013, Tokyo, Tokyo, Hamamatsucho 2-2-15 2F Minato-ku","35.6552284","139.7548466","https://f45training.com/jp/studio/hamamatsucho/","https://hyrox-training-finder.hyrox.com/gym/HGY_DWTQ6FfFIG3fDJP1helxDpfmL","fitness_studio","2026-08-29T23:03:31.000Z","2026-11-27T23:03:31.000Z","clear","9663ca0e6d4412620ed02597379c2f6c148348d2eb03f06d431412e749a03daf"
"HGY_e0rqkrg7L4ataPZD4gGoOL0W9","UFC Gym YOGA","UFC Gym 用賀","ufc-gym-1580096","brand:ufc-gym","NEW_CHAIN_BRAND","1580096","東京都","世田谷区","158-0096, Tokyo, Setagaya Tamagawadai 2-22-20","35.6248625","139.6325772","https://yoga.ufcgym.co.jp/","https://hyrox-training-finder.hyrox.com/gym/HGY_e0rqkrg7L4ataPZD4gGoOL0W9","fitness_studio","2026-08-29T23:03:31.000Z","2026-11-27T23:03:31.000Z","clear","f89027e9c3b5044b81c5a72edeaa8467acd2d03b2c0d6750d5343ff2443ade1c"
"HGY_Em6Ykdm6hSAiCWilyjc9Wdiqk","株式会社INSPA","株式会社INSPA","inspa-2210054","brand:inspa","NEW_SINGLE_LOCATION_BRAND","2210054","神奈川県","横浜市神奈川区","221-0054, 横浜市, 神奈川区山内町15-2","35.4687914","139.6392231","https://www.inspa.jp/","https://hyrox-training-finder.hyrox.com/gym/HGY_Em6Ykdm6hSAiCWilyjc9Wdiqk","fitness_studio","2026-08-29T23:03:31.000Z","2026-11-27T23:03:31.000Z","clear","38431761b056bae8e979434f3646578c02746e3cfc6667eb731fcf9e8024f563"
"HGY_fd08dzI687maGklD0PMhGHHZ7","オレンジセオリーフィットネス東久留米","オレンジセオリーフィットネス東久留米","hyrox-training-club-2030014","brand:orangetheory-fitness","NEW_CHAIN_BRAND","2030014","東京都","東久留米市","2030014, Higashikurume, 1-15-2F, HIgashi-honcho","35.7625971","139.5337272","https://www.orangetheoryfitness.co.jp/higashikurume/","https://hyrox-training-finder.hyrox.com/gym/HGY_fd08dzI687maGklD0PMhGHHZ7","fitness_studio","2026-08-29T23:03:31.000Z","2026-11-27T23:03:31.000Z","clear","55ec0033523d735f0b9d3d4bb57c2236af8ed84cf3f95eb35c4d83e545b859a8"
"HGY_GjdVGIybcOjSedJ9IQ6fDsZPv","CrossFit Kamuy","CrossFit Kamuy","crossfit-kamuy-2200073","brand:crossfit-kamuy","NEW_SINGLE_LOCATION_BRAND","2200073","神奈川県","横浜市西区","220-0073, Yokohama, 2-11-9 Okano Nishiku","35.4597779","139.6113729","https://crossfitkamuy.com/","https://hyrox-training-finder.hyrox.com/gym/HGY_GjdVGIybcOjSedJ9IQ6fDsZPv","fitness_studio","2026-08-29T23:03:31.000Z","2026-11-27T23:03:31.000Z","clear","a7968b62fd88902e1d2b03928a6575e7bb7c44a5f124a5d7552402fc254fbf74"
"HGY_GUa4TuelZVO6XiKTfVGi9MmkF","オレンジセオリーフィットネス 八王子オーパ","オレンジセオリーフィットネス 八王子オーパ","hyrox-training-club-1920083","brand:orangetheory-fitness","NEW_CHAIN_BRAND","1920083","東京都","八王子市","192-0083, Hachioji, Hachioji OPA 6F, 1-12 Asahi-cho","35.6550919","139.3380743","https://www.orangetheoryfitness.co.jp/hachioji/","https://hyrox-training-finder.hyrox.com/gym/HGY_GUa4TuelZVO6XiKTfVGi9MmkF","fitness_studio","2026-08-29T23:03:31.000Z","2026-11-27T23:03:31.000Z","clear","f022841da2ded461218418e4cddbe6843428b05ad8f3d3022a16961fae091ebd"
"HGY_Gytouu2Jl1EjSpgwMrT4tlmkc","オレンジセオリーフィットネス青葉台","オレンジセオリーフィットネス青葉台","hyrox-training-club-2270062","brand:orangetheory-fitness","NEW_CHAIN_BRAND","2270062","神奈川県","横浜市青葉区","2270062, Yokohama, 2-8-20-2F, Aobadai, Aoba","35.5436262","139.5149577","https://www.orangetheoryfitness.co.jp/aobadai/","https://hyrox-training-finder.hyrox.com/gym/HGY_Gytouu2Jl1EjSpgwMrT4tlmkc","fitness_studio","2026-08-29T23:03:31.000Z","2026-11-27T23:03:31.000Z","clear","fb59dffb864227ca79731e55bb7cc3657f85a2560edcff4ba81d8738417edd56"
"HGY_h8B3zjgLhoVELa3YhExLIEuxq","OTF MACHIDA","オレンジセオリーフィットネス 町田","hyrox-training-club-1940022","brand:orangetheory-fitness","NEW_CHAIN_BRAND","1940022","東京都","町田市","194-0022, Machida-shi, Morino 1-19-20, Odakyu Bus Machida Bldg. B1F","35.5445815","139.4448196","https://www.orangetheoryfitness.co.jp/machida/","https://hyrox-training-finder.hyrox.com/gym/HGY_h8B3zjgLhoVELa3YhExLIEuxq","fitness_studio","2026-08-29T23:03:31.000Z","2026-11-27T23:03:31.000Z","clear","b71d4d9d5c4a2854a2de458b79f1c22234beba76d81c80ca6c7fe80303128cfd"
"HGY_hh2gFINyLgIbu8P1uFb9ChYf1","Beequick Fitness　Tateyama","Beequick Fitness　Tateyama","beequick-fitness-tateyama","brand:beequick-fitness","EXISTING_BRAND_REUSE","2940047","千葉県","館山市","294-0047, Chiba-ken Tateyama-shi, Yawata 545-1","35.0073582","139.8626973","https://www.beequick.jp/location/tateyama/","https://hyrox-training-finder.hyrox.com/gym/HGY_hh2gFINyLgIbu8P1uFb9ChYf1","fitness_club","2026-08-29T23:03:31.000Z","2026-11-27T23:03:31.000Z","clear","bc68d6cf6dd1f1d3a99272bfbcda7f3adea18e1c1b450c157955a49652d7a7ee"
"HGY_hh8OAkaxSb7jABGYdA8MH6mgA","エニタイムフィットネス西町店","エニタイムフィットネス 西町店","hyrox-training-club-0630062","brand:anytime-fitness","EXISTING_BRAND_REUSE","0630062","北海道","札幌市西区","0630062, 札幌市, 西区西町南2-1-16","43.07721","141.2916096","https://www.anytimefitness.co.jp/nishimachi/","https://hyrox-training-finder.hyrox.com/gym/HGY_hh8OAkaxSb7jABGYdA8MH6mgA","fitness_studio","2026-08-29T23:03:31.000Z","2026-11-27T23:03:31.000Z","clear","2c4bead64a8dd25b9989f91d21e5be721393153c76a9ac7eeac77cb165f8b449"
"HGY_HxEZO63b6wj0lpmQE74SHJiW7","ジムフィールド豊中スタジオ","ジムフィールド 豊中スタジオ","hyrox-training-club-5610807","brand:gym-field","NEW_CHAIN_BRAND","5610807","大阪府","豊中市","5610807, 大阪府豊中市, 原田中1－9－7","34.7711463","135.4586142","https://www.gym-field.com/studio/","https://hyrox-training-finder.hyrox.com/gym/HGY_HxEZO63b6wj0lpmQE74SHJiW7","fitness_studio","2026-08-29T23:03:31.000Z","2026-11-27T23:03:31.000Z","clear","eb752c187fb0f1c5444be7f7f7ae4108307f13e5a5c6eb96263e2f931be2de2e"
"HGY_i25m4SPcDFBD8fDB1UFmCNZvP","オレンジセオリーフィットネス本八幡","オレンジセオリーフィットネス本八幡","hyrox-training-club-2720021","brand:orangetheory-fitness","NEW_CHAIN_BRAND","2720021","千葉県","市川市","272-0021, Ichikawa-shi, 2-5-8-2F, Yawata","35.7227194","139.9267063","https://www.orangetheoryfitness.co.jp/motoyawata/","https://hyrox-training-finder.hyrox.com/gym/HGY_i25m4SPcDFBD8fDB1UFmCNZvP","fitness_studio","2026-08-29T23:03:31.000Z","2026-11-27T23:03:31.000Z","clear","ed77329272b231c3ab157e8c24a2c994966bb3f9b0825ad96241c7ba826367cc"
"HGY_I5QXnm7FEYFTEAvXmWjgmeNA3","ハイアルチ下北沢スタジオ","ハイアルチ 下北沢スタジオ","hyrox-training-club-1550033","brand:high-alti","NEW_SINGLE_LOCATION_BRAND","1550033","東京都","世田谷区","1550033, Tokyo, 1F, TOKYU REIT Shimokitazawa square, 6-6-1 Daita, Setagaya-ku,","35.6634077","139.6653294","https://high-alti.jp/studio/","https://hyrox-training-finder.hyrox.com/gym/HGY_I5QXnm7FEYFTEAvXmWjgmeNA3","fitness_studio","2026-08-29T23:03:31.000Z","2026-11-27T23:03:31.000Z","clear","3471d1c2841fe33201cbeeac01cd0ee39ad3f88e3e34838752177c95bcafebfb"
"HGY_i9WQU37U4iMwhDulqaXJLnA2v","CrossFit Mitaka","CrossFit Mitaka","crossfit-mitaka-1810013","brand:crossfit-mitaka","NEW_SINGLE_LOCATION_BRAND","1810013","東京都","三鷹市","181-0013, Tokyo, B1F, Mitaka Center 2nd Building, 3-28-21 Shimorenjaku, Mitaka-shi","35.6998119","139.5612568","https://crossfitmitaka.tokyo/","https://hyrox-training-finder.hyrox.com/gym/HGY_i9WQU37U4iMwhDulqaXJLnA2v","fitness_studio","2026-08-29T23:03:31.000Z","2026-11-27T23:03:31.000Z","clear","011ff509f231ae7941134de079196c695be84b268e8e943df5508bafdbe39aa3"
"HGY_ilpB5BY0mpBU4wTEZgBbmetS7","CrossFit 松山","CrossFit 松山","crossfit-7918015","brand:crossfit","NEW_SINGLE_LOCATION_BRAND","7918015","愛媛県","松山市","791-8015, 松山市, 中央1−4−5","33.8539401","132.7540009","https://www.crossfitmatsuyama.com/","https://hyrox-training-finder.hyrox.com/gym/HGY_ilpB5BY0mpBU4wTEZgBbmetS7","fitness_studio","2026-08-29T23:03:31.000Z","2026-11-27T23:03:31.000Z","clear","34499591f4dcbe9df5851cbaaee2fdf57a1246ae02795235c93afe70aa15c1bb"
"HGY_j1Szv4JmxytARCgfm48f0Z4xS","HTC CHIKUSA– Human Performance Training Center –","HTC CHIKUSA– Human Performance Training Center –","htc-chikusa-human-performance-training-center-4600007","brand:htc-chikusa-human-performance-training-center","NEW_SINGLE_LOCATION_BRAND","4600007","愛知県","名古屋市中区","460-0007, Nagoya, 新栄３丁目６−３","35.1686373","136.9272898","https://htc-chikusa.com/","https://hyrox-training-finder.hyrox.com/gym/HGY_j1Szv4JmxytARCgfm48f0Z4xS","fitness_studio","2026-08-29T23:03:31.000Z","2026-11-27T23:03:31.000Z","clear","bdba7bb9039b3a6dc6fb509fb04cb0d6102e8929327e82df91ceb4b0baf16605"
"HGY_JCa2wmnnXSkHcguScx2Fg9XC8","CrossFit Amagasaki","CrossFit Amagasaki","crossfit-amagasaki-6600807","brand:crossfit-amagasaki","NEW_SINGLE_LOCATION_BRAND","6600807","兵庫県","尼崎市","6600807, Hyogo, Amagasaki, Nagasu nishidori 1-13-7","34.7269537","135.4285706","https://cf-amagasaki.jp/","https://hyrox-training-finder.hyrox.com/gym/HGY_JCa2wmnnXSkHcguScx2Fg9XC8","fitness_studio","2026-08-29T23:03:31.000Z","2026-11-27T23:03:31.000Z","clear","bd65dbe311402aee31c24eff7715c0b4e9094ec1d00fbc2fd81216ca1b1ad5c3"
"HGY_kk6NqoZrMoGBicxYBwVJafaE2","オレンジセオリーフィットネス武蔵小金井","オレンジセオリーフィットネス武蔵小金井","hyrox-training-club-1840004","brand:orangetheory-fitness","NEW_CHAIN_BRAND","1840004","東京都","小金井市","1840004, Koganei, 6-2-30-3F Honcho","35.6991677","139.5054922","https://www.orangetheoryfitness.co.jp/musashikoganei/","https://hyrox-training-finder.hyrox.com/gym/HGY_kk6NqoZrMoGBicxYBwVJafaE2","fitness_studio","2026-08-29T23:03:31.000Z","2026-11-27T23:03:31.000Z","clear","110a38734bd196d5691b364165b010ca547324616d03f87d240fb3e2be77b240"
"HGY_KXsKkigAHxENjfO8pM4ocl6FF","Beequick Fitness　Fuji imaizumi","Beequick Fitness　Fuji imaizumi","beequick-fitness-fuji-imaizumi","brand:beequick-fitness","EXISTING_BRAND_REUSE","4170001","静岡県","富士市","417-0001, Fuji-shi, imaizumi3-5-1","35.1658296","138.6958927","https://www.beequick.jp/location/fujiimaizumi/","https://hyrox-training-finder.hyrox.com/gym/HGY_KXsKkigAHxENjfO8pM4ocl6FF","fitness_club","2026-08-29T23:03:31.000Z","2026-11-27T23:03:31.000Z","clear","83d199d755427da17e46280b05cfed15950297730307c5565376f031de45a43d"
"HGY_LofMB67LwXKWbb4m2xQmqsqMD","OTF URAWA","オレンジセオリーフィットネス 浦和","hyrox-training-club-3300062","brand:orangetheory-fitness","NEW_CHAIN_BRAND","3300062","埼玉県","さいたま市浦和区","330-0062, saitama, nakamachi 1bankan 1F  urawaku nakachou 1-3-10","35.8598225","139.6550075","https://orangetheoryfitness.co.jp/urawa/index.html","https://hyrox-training-finder.hyrox.com/gym/HGY_LofMB67LwXKWbb4m2xQmqsqMD","fitness_studio","2026-08-29T23:03:31.000Z","2026-11-27T23:03:31.000Z","clear","60b9e5e0fd947334f6085d8fc83386ba1f249488542cca87ad10417e8edf571a"
"HGY_LUMiZByOSjT9LQQgyPQdvMSCE","THE PICKLE BANG THEORY","THE PICKLE BANG THEORY","the-pickle-bang-theory-2720021","brand:the-pickle-bang-theory","NEW_SINGLE_LOCATION_BRAND","2720021","千葉県","市川市","272-0021, Ichikawa, 八幡2-16-6 6F","35.7215231","139.9267398","https://www.thepicklebang.com/","https://hyrox-training-finder.hyrox.com/gym/HGY_LUMiZByOSjT9LQQgyPQdvMSCE","fitness_studio","2026-08-29T23:03:31.000Z","2026-11-27T23:03:31.000Z","clear","3c2c553ef05569ce3e437a7b63b04a60f3c73e8189cb0134d1d8e534e1351e4c"
"HGY_mAUikrooxzoDevlGFVY7yXt3l","Gold‘s Gym Maebashi Inter","ゴールドジム 前橋インター","hyrox-training-club-3700001","brand:golds-gym","EXISTING_BRAND_REUSE","3700001","群馬県","高崎市","370-0001, Takasaki, Gunma, 44　Nakao-machi, Akamaru A Building, 1F","36.37503","139.0336953","https://www.goldsgym.jp/shop/maebashi-inter/","https://hyrox-training-finder.hyrox.com/gym/HGY_mAUikrooxzoDevlGFVY7yXt3l","fitness_club","2026-08-29T23:03:31.000Z","2026-11-27T23:03:31.000Z","clear","5874dc62a60d13e22d207d37b6ba40fd9bd09ff6b8c641e0f8722c4bb1823eb8"
"HGY_MBiqaWicnf0xZ4Ftz9b8aMRTE","オレンジセオリーフィットネス麻布十番","オレンジセオリーフィットネス麻布十番","hyrox-training-club-1060045","brand:orangetheory-fitness","NEW_CHAIN_BRAND","1060045","東京都","港区","106-0045, Minato City, 1-7-5-B2 Azabujuban, Minato-ku","35.6564502","139.7348508","https://www.orangetheoryfitness.co.jp/azabujuban/","https://hyrox-training-finder.hyrox.com/gym/HGY_MBiqaWicnf0xZ4Ftz9b8aMRTE","fitness_studio","2026-08-29T23:03:31.000Z","2026-11-27T23:03:31.000Z","clear","27abab3d804c65564124e2b7c6a9a3899b46f22fccf25f19a0b6a4f128c5837a"
"HGY_minG8KdzMB6B4YLlOLzHWcOKn","CrossFit Matsumoto","CrossFit Matsumoto","crossfit-matsumoto-3990036","brand:crossfit-matsumoto","NEW_SINGLE_LOCATION_BRAND","3990036","長野県","松本市","3990036, matsumoto city, muraimachi minami 4-21-3 sinkou  building 1F west","36.1717291","137.9595967","https://crossfitmatsumoto.com/","https://hyrox-training-finder.hyrox.com/gym/HGY_minG8KdzMB6B4YLlOLzHWcOKn","fitness_studio","2026-08-29T23:03:31.000Z","2026-11-27T23:03:31.000Z","clear","179308dbacdc8633934103cbacbaeef2dfed5beb9f0a445d0d5c9fa06ba8714b"
"HGY_n4xTGpLhdouLv9TzuLk2J1OoV","オレンジセオリーフィットネス溝の口","オレンジセオリーフィットネス溝の口","hyrox-training-club-2130001","brand:orangetheory-fitness","NEW_CHAIN_BRAND","2130001","神奈川県","川崎市高津区","2130001, Kawasaki, 1-13-18-B1 Mizonokuchi, Takatsu","35.5996996","139.6146255","https://www.orangetheoryfitness.co.jp/mizonokuchi/","https://hyrox-training-finder.hyrox.com/gym/HGY_n4xTGpLhdouLv9TzuLk2J1OoV","fitness_studio","2026-08-29T23:03:31.000Z","2026-11-27T23:03:31.000Z","clear","fbeb8385581a2454c412d1afe93097b4519584743503cddd9f67f3253f93d621"
"HGY_NGStYUdZn1ur6ZXx2gNf1MPCo","UFC Gym Ogikubo","UFC Gym 荻窪","ufc-gym-1670051","brand:ufc-gym","NEW_CHAIN_BRAND","1670051","東京都","杉並区","167-0051, 杉並区, 荻窪5-20-5 B1","35.7025804","139.6199521","https://ogikubo.ufcgym.co.jp/","https://hyrox-training-finder.hyrox.com/gym/HGY_NGStYUdZn1ur6ZXx2gNf1MPCo","fitness_studio","2026-08-29T23:03:31.000Z","2026-11-27T23:03:31.000Z","clear","688d0d1f4db573579d96921217378dbb25ff722e4638832353896f1c8411603e"
"HGY_QK799RP2OcY1gOAl2xwpkHa4b","MUSCLE GATE HOTEL GYM BOUTIQUE Powered by GOLD`S GYM","MUSCLE GATE HOTEL GYM BOUTIQUE Powered by GOLD`S GYM","muscle-gate-hotel-gym-boutique-powered-by-golds-gym","brand:golds-gym","EXISTING_BRAND_REUSE","5420085","大阪府","大阪市中央区","542-0085, 大阪府大阪市, 中央区心斎橋筋2－5－15　クロスホテル大阪5F","34.6699179","135.502052","https://www.musclegate-hotelgymboutique.com/","https://hyrox-training-finder.hyrox.com/gym/HGY_QK799RP2OcY1gOAl2xwpkHa4b","fitness_club","2026-08-29T23:03:31.000Z","2026-11-27T23:03:31.000Z","clear","d7f192ad85333cf2b274b0958a970fbf28e97af623a1c5f4e0213a4f47e7a9cd"
"HGY_sbFQoJaYts6eUUShzWUC6e8sv","Beequick Fitness　Kasugai  oshisawadai","Beequick Fitness　Kasugai  oshisawadai","beequick-fitness-kasugai-oshisawadai","brand:beequick-fitness","EXISTING_BRAND_REUSE","4870005","愛知県","春日井市","487-0005, Aichi-ken Kasugai-shi, Oshisawadai 1-7-24","35.2858018","137.0646056","https://www.beequick.jp/location/kasugaioshizawadai/","https://hyrox-training-finder.hyrox.com/gym/HGY_sbFQoJaYts6eUUShzWUC6e8sv","fitness_club","2026-08-29T23:03:31.000Z","2026-11-27T23:03:31.000Z","clear","f6a428193a379f7eda8c59c094093463536eb0d7aed02de369a57c9952b72d28"
"HGY_svy8leyzBW7DDaBLq57FWuNot","BEYOND名古屋駅前店","BEYOND 名古屋駅前店","beyond-4500003","brand:beyond","NEW_CHAIN_BRAND","4500003","愛知県","名古屋市中村区","450-0003, 名古屋市, 中村区名駅南1丁目18−11   1F","35.1670903","136.8876431","https://beyond-gym.com/gym/area/chubu/","https://hyrox-training-finder.hyrox.com/gym/HGY_svy8leyzBW7DDaBLq57FWuNot","fitness_studio","2026-08-29T23:03:31.000Z","2026-11-27T23:03:31.000Z","clear","897ba7e4af2d190dad57999715d02124ed56056c2ee6eefa97cb80c1e0064c5c"
"HGY_TG4052uDtmYS0I70ODdFi7704","CrossFit Otsuka","CrossFit Otsuka","crossfit-otsuka-1700004","brand:crossfit-otsuka","NEW_SINGLE_LOCATION_BRAND","1700004","東京都","豊島区","1700004, Tokyo, 1-33-22 kitaotsuka,toshimaku","35.7335729","139.7301811","https://crossfit-otsuka.com/","https://hyrox-training-finder.hyrox.com/gym/HGY_TG4052uDtmYS0I70ODdFi7704","fitness_studio","2026-08-29T23:03:31.000Z","2026-11-27T23:03:31.000Z","clear","f2da339a7423e55d7f8aef57ce18aac47a8862617f5fa07d8caaf26efdcc99b8"
"HGY_TKMAq3PiVcrsYG5AUGSG5qZEN","CrossFit Kofu","CrossFit Kofu","crossfit-kofu-4000053","brand:crossfit-kofu","NEW_SINGLE_LOCATION_BRAND","4000053","山梨県","甲府市","400-0053, Kofu-shi,, 1490-3 Osatocho","35.6190735","138.5608099","https://crossfitkofu.com/","https://hyrox-training-finder.hyrox.com/gym/HGY_TKMAq3PiVcrsYG5AUGSG5qZEN","fitness_studio","2026-08-29T23:03:31.000Z","2026-11-27T23:03:31.000Z","clear","45c0387966c686446f7a350bb67836ad3fe9a9eb225dbb0602b9a45a3f5290bf"
"HGY_u1B3yXynkPyPxOuTQPXyjceFr","Freeletics Goals","Freeletics Goals","freeletics-goals-2310011","brand:freeletics-goals","NEW_SINGLE_LOCATION_BRAND","2310011","神奈川県","横浜市中区","231-0011, Yokohama, Kanagawa, SSKnot 1F  5-69 Otamachi Naka-ku","35.4486154","139.6353908","https://www.freeleticsgoals.com/en/","https://hyrox-training-finder.hyrox.com/gym/HGY_u1B3yXynkPyPxOuTQPXyjceFr","fitness_studio","2026-08-29T23:03:31.000Z","2026-11-27T23:03:31.000Z","clear","400f471509c316322b515c411e86d2573e9f31757db908013e0c9f232977afc8"
"HGY_vVcITNYTt6vBwAbMaLQj58wcw","A Plus CrossFit Takatsuki","A Plus CrossFit Takatsuki","a-plus-crossfit-takatsuki-5691121","brand:a-plus-crossfit-takatsuki","NEW_SINGLE_LOCATION_BRAND","5691121","大阪府","高槻市","5691121, Takatsuki, 1-15-22 Makamicho","34.8548022","135.611727","https://apf-takatsuki.vercel.app/","https://hyrox-training-finder.hyrox.com/gym/HGY_vVcITNYTt6vBwAbMaLQj58wcw","fitness_studio","2026-08-29T23:03:31.000Z","2026-11-27T23:03:31.000Z","clear","11ff26b6f3ec8fbbfc87629b32e8865b0d1f3131eb08ff00f1d40f72ea9cd72b"
"HGY_wWrNDerG0IQoFDsAo4L7w3io2","MEIJI PARK","MEIJI PARK","meiji-park-1600013","brand:meiji-park","NEW_SINGLE_LOCATION_BRAND","1600013","東京都","新宿区","1600013, Tokyo, MEIJI PARK, 5-7 Kasumigaokamachi, Shinjuku City","35.6752068","139.7136655","https://www.meiji-park.com/","https://hyrox-training-finder.hyrox.com/gym/HGY_wWrNDerG0IQoFDsAo4L7w3io2","fitness_studio","2026-08-29T23:03:31.000Z","2026-11-27T23:03:31.000Z","clear","66e888e7384933b5bc987b92bf3626c12425af5e8cee456b9cfb13d307d7e238"
"HGY_XotZqvZQHBEFn2JSD3GmfJOy8","Hyex吉祥寺","Hyex吉祥寺","hyex-1800002","brand:hyex","NEW_SINGLE_LOCATION_BRAND","1800002","東京都","武蔵野市","1800002, 武蔵野市, 吉祥寺東町1−17−18 三角ビルB1","35.7052607","139.584067","https://hyex.jp/studio/lp/","https://hyrox-training-finder.hyrox.com/gym/HGY_XotZqvZQHBEFn2JSD3GmfJOy8","fitness_studio","2026-08-29T23:03:31.000Z","2026-11-27T23:03:31.000Z","clear","f3f269b30a766a6e79eb9a4dfb546a14c45deb09c181685256dc2e321577af44"
"HGY_XPZszMzcdWvhZx9ZIXD5Qlcvg","Port Tower CrossFit","Port Tower CrossFit","port-tower-crossfit-6500003","brand:port-tower-crossfit","NEW_SINGLE_LOCATION_BRAND","6500003","兵庫県","神戸市中央区","650-0003, Kobe, 6-chōme-1 Warizukadōri, Chuo-Ku","34.703917","135.208011","https://www.porttowercrossfit.com/","https://hyrox-training-finder.hyrox.com/gym/HGY_XPZszMzcdWvhZx9ZIXD5Qlcvg","fitness_studio","2026-08-29T23:03:31.000Z","2026-11-27T23:03:31.000Z","clear","a94c728490c32395d5136d22d24a079a78ddae1b68f0e8104f325b5f79be076e"
"HGY_XsJSB4jNTUfR4otyZrmg22J81","TrueFitness 吹田 HYROX","TrueFitness 吹田","truefitness-5640027","brand:truefitness","NEW_SINGLE_LOCATION_BRAND","5640027","大阪府","吹田市","5640027, Suita-shi , Osaka, 2F, Suita SANKUSU No.2 Building, 2-101 Asahi-cho","34.7630980514236","135.52542306751053","https://true-f.com/","https://hyrox-training-finder.hyrox.com/gym/HGY_XsJSB4jNTUfR4otyZrmg22J81","fitness_studio","2026-08-29T23:03:31.000Z","2026-11-27T23:03:31.000Z","clear","5e143654f3183f1d0534926685f18a86d7301eef36585146a80c6ecd1cc64560"
"HGY_Yvk64SmAD8pm5EDZ2m9rR02Cx","オレンジセオリーフィットネス自由が丘","オレンジセオリーフィットネス自由が丘","hyrox-training-club-1520035","brand:orangetheory-fitness","NEW_CHAIN_BRAND","1520035","東京都","目黒区","1520035, Tokyo, 2-17-1-B1 Jiyugaoka, Meguro","35.610216","139.6669928","https://www.orangetheoryfitness.co.jp/jiyugaoka/","https://hyrox-training-finder.hyrox.com/gym/HGY_Yvk64SmAD8pm5EDZ2m9rR02Cx","fitness_studio","2026-08-29T23:03:31.000Z","2026-11-27T23:03:31.000Z","clear","547d9c570accc117a89647e3bbcdfd76494bf06e3b0d61bcd6fb98b377bd8b18"
"HGY_YZfgVtrVZUDXC2kDU4ctStVOk","Beequick Fitness　Iga Ninjyanosato","Beequick Fitness　Iga Ninjyanosato","beequick-fitness-iga-ninjyanosato","brand:beequick-fitness","EXISTING_BRAND_REUSE","5180820","三重県","伊賀市","518-0820, iga-shi, hiranonishimachi63","34.773136","136.1359615","https://www.beequick.jp/location/iganinjanosato/","https://hyrox-training-finder.hyrox.com/gym/HGY_YZfgVtrVZUDXC2kDU4ctStVOk","fitness_club","2026-08-29T23:03:31.000Z","2026-11-27T23:03:31.000Z","clear","aa01bdf29b7bb3bfdc740708d02d86a21752520c891270f325c28f06eae0ba8c"
"HGY_zCI5QN1QMpQrhFiHusfxjG91Z","KJ PERFORMANCE GYM","KJ PERFORMANCE GYM","kj-performance-gym-1420062","brand:kj-performance-gym","NEW_SINGLE_LOCATION_BRAND","1420062","東京都","品川区","1420062, Shinagawa, Koyama 2-12-19","35.6212787","139.7102726","https://www.kjperformancegym.com/","https://hyrox-training-finder.hyrox.com/gym/HGY_zCI5QN1QMpQrhFiHusfxjG91Z","fitness_studio","2026-08-29T23:03:31.000Z","2026-11-27T23:03:31.000Z","clear","30fe84cad28b0f11fd137565ed054f8fbd425a46a24619fc18ef0ceca27d3a7a"
