"hgy_external_id","hyrox_official_name","final_classification","matched_location_id","matched_location_slug","canonical_facility_url","official_site_status","canonical_name","address","postal_code","prefecture","city","address_verification_status","latitude","longitude","coordinate_confidence","brand_resolution","proposed_brand_id","proposed_brand_name","proposed_brand_slug","proposed_slug","proposed_location_type","match_method","reasons","conflicts","source_authorities","manual_review_required"
"HGY_vVcITNYTt6vBwAbMaLQj58wcw","A Plus CrossFit Takatsuki","NEW_LOCATION_NEEDS_REVIEW","","","https://apf-takatsuki.vercel.app/","noncanonical","A Plus CrossFit Takatsuki","5691121, Takatsuki, 1-15-22 Makamicho","5691121","","Takatsuki","source_only","34.8548022","135.611727","high","INDEPENDENT_FACILITY","","A Plus CrossFit Takatsuki","a-plus-crossfit-takatsuki","","","fail-closed-source-review","HYROX governing-body Training Finder record has a stable HGY identity","Only a social, booking, or hosted landing-page URL is available","HYROX governing-body Training Finder | facility official website","true"
"HGY_iZUzR5DRBK3M09AkhPf9nIWcF","ableize+","NEW_LOCATION_NEEDS_REVIEW","","","https://www.instagram.com/ableize_plus?igsh=MWlqdWdmNjl0bTFheg%3D%3D&utm_source=qr","noncanonical","ableize+","460-0002, 名古屋市, 中区丸の内2-15-11","460-0002","","名古屋市","source_only","35.1748287","136.8989643","medium","INDEPENDENT_FACILITY","","ableize+","ableize","","","fail-closed-source-review","HYROX governing-body Training Finder record has a stable HGY identity","Only a social, booking, or hosted landing-page URL is available","HYROX governing-body Training Finder | facility official website","true"
"HGY_w1kFjCWRyoM7EmvP3I9DYLtEt","Anim Movement Club","NEW_LOCATION_NEEDS_REVIEW","","","","missing","Anim Movement Club","1560032, Setagaya, Daizawa2-40-10","1560032","","Setagaya","source_only","35.6468095","139.653582","medium","INDEPENDENT_FACILITY","","Anim Movement Club","anim-movement-club","","","fail-closed-source-review","HYROX governing-body Training Finder record has a stable HGY identity","Facility official website is missing from the governing-body record","HYROX governing-body Training Finder","true"
"HGY_IXvBUmAfS03dK1N7KeulKnC6O","ANYTIME FITNESS NAGAOKAKYO","NEW_LOCATION_READY","","","https://www.anytimefitness.co.jp/nagaokakyo/","verified","ANYTIME FITNESS NAGAOKAKYO","6170826, 長岡京市, 開田4-22-5","6170826","京都府","長岡京市","postal_authority_resolved","34.92221970000001","135.6935862","high","NEW_BRAND_CANDIDATE","","Anytime Fitness","anytime-fitness","anytime-fitness-nagaokakyo","fitness_club","official-site-postal-identity","HYROX governing-body Training Finder record has a stable HGY identity | Facility official website confirms the facility identity and address signal | Postal authority resolves prefecture and city","","HYROX governing-body Training Finder | facility official website | postal address lookup","false"
"HGY_tvAvxxWuvtyhwO9dVyMWgnozo","Anytimefitness Urawanakao","NEW_LOCATION_NEEDS_REVIEW","","","","missing","Anytimefitness Urawanakao","336-0932, Nakao, Midori-ku, Saitama-shi,Saitama, 524-1","336-0932","埼玉県","Nakao, Midori-ku, Saitama-shi,Saitama","source_only","35.8778307","139.6775239","medium","NEW_BRAND_CANDIDATE","","Anytime Fitness","anytime-fitness","","","fail-closed-source-review","HYROX governing-body Training Finder record has a stable HGY identity","Facility official website is missing from the governing-body record","HYROX governing-body Training Finder","true"
"HGY_AtvMure1xIvHhFKf1bEcOksKK","ARQ","NEW_LOCATION_NEEDS_REVIEW","","","","missing","ARQ","1020074, Tokyo, Kudanshita Minami 2-3-23","1020074","東京都","Tokyo","source_only","35.694056","139.7462529","medium","INDEPENDENT_FACILITY","","ARQ","arq","","","fail-closed-source-review","HYROX governing-body Training Finder record has a stable HGY identity","Facility official website is missing from the governing-body record","HYROX governing-body Training Finder","true"
"HGY_sm5NKgjNHsZ3iblInhUUK5sXp","B-fitPrime服部緑地","NEW_LOCATION_NEEDS_REVIEW","","","","missing","B-fitPrime服部緑地","561-0873, 大阪府, 大阪府豊中市服部緑地1番68号SPA&SAUNA水春服部緑地1F","561-0873","大阪府","大阪府","source_only","34.7776971","135.4932183","medium","INDEPENDENT_FACILITY","","B-fitPrime服部緑地","b-fitprime","","","fail-closed-source-review","HYROX governing-body Training Finder record has a stable HGY identity","Facility official website is missing from the governing-body record","HYROX governing-body Training Finder","true"
"HGY_wre6YfUPBNkfwFN4kIJmeR5gk","B-Revolution×溝の口整体院","NEW_LOCATION_NEEDS_REVIEW","","","https://mizonoguchi-chiro.com/","insufficient_identity_evidence","B-Revolution×溝の口整体院","213-0001, 神奈川県, 川崎市, 高津区溝の口 3-9-3佐保田ビルB1","213-0001","神奈川県","川崎市","source_only","35.6036072","139.6145092","medium","INDEPENDENT_FACILITY","","B-Revolution×溝の口整体院","b-revolution","","","fail-closed-source-review","HYROX governing-body Training Finder record has a stable HGY identity","Official website did not expose enough name/address evidence for deterministic identity","HYROX governing-body Training Finder | facility official website","true"
"HGY_qaUKe9XHM4Dt1rhd2sHFQEumQ","BANYAN ROOTS Fitness","NEW_LOCATION_NEEDS_REVIEW","","","","missing","BANYAN ROOTS Fitness","9012401, 中頭郡中城村, 久場1955","9012401","沖縄県","中頭郡中城村","postal_authority_resolved","26.2853566","127.8160502","medium","INDEPENDENT_FACILITY","","BANYAN ROOTS Fitness","banyan-roots-fitness","","","fail-closed-source-review","HYROX governing-body Training Finder record has a stable HGY identity","Facility official website is missing from the governing-body record","HYROX governing-body Training Finder | postal address lookup","true"
"HGY_KXsKkigAHxENjfO8pM4ocl6FF","Beequick Fitness　Fuji imaizumi","NEW_LOCATION_NEEDS_REVIEW","","","https://www.beequick.jp/location/fujiimaizumi/","verified","Beequick Fitness　Fuji imaizumi","417-0001, Fuji-shi, imaizumi3-5-1","417-0001","","Fuji-shi","source_only","35.1658296","138.6958927","high","NEW_BRAND_CANDIDATE","","BeeQuick Fitness","beequick-fitness","","","fail-closed-source-review","HYROX governing-body Training Finder record has a stable HGY identity","Postal authority did not resolve prefecture and city","HYROX governing-body Training Finder | facility official website","true"
"HGY_YZfgVtrVZUDXC2kDU4ctStVOk","Beequick Fitness　Iga Ninjyanosato","NEW_LOCATION_NEEDS_REVIEW","","","https://www.beequick.jp/location/iganinjanosato/","verified","Beequick Fitness　Iga Ninjyanosato","518-0820, iga-shi, hiranonishimachi63","518-0820","","iga-shi","source_only","34.773136","136.1359615","high","NEW_BRAND_CANDIDATE","","BeeQuick Fitness","beequick-fitness","","","fail-closed-source-review","HYROX governing-body Training Finder record has a stable HGY identity","Postal authority did not resolve prefecture and city","HYROX governing-body Training Finder | facility official website","true"
"HGY_sbFQoJaYts6eUUShzWUC6e8sv","Beequick Fitness　Kasugai  oshisawadai","NEW_LOCATION_NEEDS_REVIEW","","","https://www.beequick.jp/location/kasugaioshizawadai/","verified","Beequick Fitness　Kasugai  oshisawadai","487-0005, Aichi-ken Kasugai-shi, Oshisawadai 1-7-24","487-0005","愛知県","Aichi-ken Kasugai-shi","source_only","35.2858018","137.0646056","high","NEW_BRAND_CANDIDATE","","BeeQuick Fitness","beequick-fitness","","","fail-closed-source-review","HYROX governing-body Training Finder record has a stable HGY identity","Postal authority did not resolve prefecture and city","HYROX governing-body Training Finder | facility official website","true"
"HGY_8H50Rl3LSNsoSHxOxOIoY5UYN","Beequick Fitness　Koshigaya","NEW_LOCATION_NEEDS_REVIEW","","","https://www.beequick.jp/location/koshigaya/","insufficient_identity_evidence","Beequick Fitness　Koshigaya","343-0812, Saitama-ken koshigaya-shi, 1-16-6","343-0812","埼玉県","Saitama-ken koshigaya-shi","source_only","35.8990288","139.8209954","medium","NEW_BRAND_CANDIDATE","","BeeQuick Fitness","beequick-fitness","","","fail-closed-source-review","HYROX governing-body Training Finder record has a stable HGY identity","Official website did not expose enough name/address evidence for deterministic identity","HYROX governing-body Training Finder | facility official website","true"
"HGY_e48JpyZiFH8V9aqp7zJ8ouQju","Beequick Fitness　Sanda","NEW_LOCATION_READY","","","https://www.beequick.jp/location/sanda/","verified","Beequick Fitness　Sanda","669-1321, Hyogo-ken Sanda-shi, keyakidai 1-6-2","669-1321","兵庫県","三田市","postal_authority_resolved","34.908318","135.1865807","high","NEW_BRAND_CANDIDATE","","BeeQuick Fitness","beequick-fitness","beequick-fitness-sanda","fitness_club","official-site-postal-identity","HYROX governing-body Training Finder record has a stable HGY identity | Facility official website confirms the facility identity and address signal | Postal authority resolves prefecture and city","","HYROX governing-body Training Finder | facility official website | postal address lookup","false"
"HGY_hh2gFINyLgIbu8P1uFb9ChYf1","Beequick Fitness　Tateyama","NEW_LOCATION_NEEDS_REVIEW","","","https://www.beequick.jp/location/tateyama/","verified","Beequick Fitness　Tateyama","294-0047, Chiba-ken Tateyama-shi, Yawata 545-1","294-0047","千葉県","Chiba-ken Tateyama-shi","source_only","35.0073582","139.8626973","high","NEW_BRAND_CANDIDATE","","BeeQuick Fitness","beequick-fitness","","","fail-closed-source-review","HYROX governing-body Training Finder record has a stable HGY identity","Postal authority did not resolve prefecture and city","HYROX governing-body Training Finder | facility official website","true"
"HGY_VNYgC17BsAJ3cLgavQTUPCgay","Beequick Kyotango","NEW_LOCATION_READY","","","https://www.beequick.jp/location/kyotango/","verified","Beequick Kyotango","627-0005, Kyoto-fu kyotango-shi, mineyamachoshinmachi 1981-1","627-0005","京都府","京丹後市","postal_authority_resolved","35.613771","135.0987115","high","NEW_BRAND_CANDIDATE","","BeeQuick Fitness","beequick-fitness","beequick-kyotango","fitness_club","official-site-postal-identity","HYROX governing-body Training Finder record has a stable HGY identity | Facility official website confirms the facility identity and address signal | Postal authority resolves prefecture and city","","HYROX governing-body Training Finder | facility official website | postal address lookup","false"
"HGY_Ct7U9fHhZ9namSPnoClvfxBCd","BEYOND山形店","NEW_LOCATION_NEEDS_REVIEW","","","","missing","BEYOND山形店","9900054, 山形市, 六日町６－４０　スペースYOU１F","9900054","山形県","山形市","postal_authority_resolved","38.2596403","140.3438732","medium","NEW_BRAND_CANDIDATE","","BEYOND","beyond","","","fail-closed-source-review","HYROX governing-body Training Finder record has a stable HGY identity","Facility official website is missing from the governing-body record","HYROX governing-body Training Finder | postal address lookup","true"
"HGY_A6L66KJGjc8HfLRFmuyJgBMyQ","BEYOND浜松店","NEW_LOCATION_NEEDS_REVIEW","","","","missing","BEYOND浜松店","4300924, 静岡県浜松市, 中央区龍禅寺町７４−１ フジビル 101","4300924","静岡県","静岡県浜松市","source_only","34.69808080000001","137.7394271","medium","NEW_BRAND_CANDIDATE","","BEYOND","beyond","","","fail-closed-source-review","HYROX governing-body Training Finder record has a stable HGY identity","Facility official website is missing from the governing-body record","HYROX governing-body Training Finder","true"
"HGY_svy8leyzBW7DDaBLq57FWuNot","BEYOND名古屋駅前店","NEW_LOCATION_NEEDS_REVIEW","","","","missing","BEYOND名古屋駅前店","450-0003, 名古屋市, 中村区名駅南1丁目18−11   1F","450-0003","","名古屋市","source_only","35.1670903","136.8876431","medium","NEW_BRAND_CANDIDATE","","BEYOND","beyond","","","fail-closed-source-review","HYROX governing-body Training Finder record has a stable HGY identity","Facility official website is missing from the governing-body record","HYROX governing-body Training Finder","true"
"HGY_zsBreyuNEeHdShUZ5TNS4IqCd","BLUE FITNESS 24 ＋studio KACHIDOKI","NEW_LOCATION_NEEDS_REVIEW","","","","missing","BLUE FITNESS 24 ＋studio KACHIDOKI","104-0054, Chuo-ku, 1-13-1 Kachidoki","104-0054","","Chuo-ku","source_only","35.6607192","139.7751922","medium","INDEPENDENT_FACILITY","","BLUE FITNESS 24 ＋studio KACHIDOKI","blue-fitness-24-studio-kachidoki","","","fail-closed-source-review","HYROX governing-body Training Finder record has a stable HGY identity","Facility official website is missing from the governing-body record","HYROX governing-body Training Finder","true"
"HGY_KfmsGVY1O0Uo5HUJvnNoeyQvc","BRC Hyrox Training Club","NEW_LOCATION_NEEDS_REVIEW","","","https://personal-gymfit.com/lp/brc-light/suita/","insufficient_identity_evidence","BRC Hyrox Training Club","5640073, 吹田市, 山手町2-7-7 ドミニオン豊津Ⅱ","5640073","","吹田市","source_only","34.7645181","135.509457","medium","INDEPENDENT_FACILITY","","BRC Hyrox Training Club","brc-hyrox-training-club","","","fail-closed-source-review","HYROX governing-body Training Finder record has a stable HGY identity","Official website did not expose enough name/address evidence for deterministic identity","HYROX governing-body Training Finder | facility official website","true"
"HGY_Sb90tuf5xROH384KcSvEVpVhk","Bright Enoshima | HYROX","NEW_LOCATION_NEEDS_REVIEW","","","https://www.instagram.com/bright_enoshima?igsh=MTBlNDg2a2d2b3lubA==","noncanonical","Bright Enoshima | HYROX","248-0033, Kamakura, 鎌倉市腰越3-14-4","248-0033","","Kamakura","source_only","35.3101615","139.4900833","medium","INDEPENDENT_FACILITY","","Bright Enoshima | HYROX","bright-enoshima-hyrox","","","fail-closed-source-review","HYROX governing-body Training Finder record has a stable HGY identity","Only a social, booking, or hosted landing-page URL is available","HYROX governing-body Training Finder | facility official website","true"
"HGY_ubYkZjWhnTcLhpmaPlOYYfzRe","Buddytraining","NEW_LOCATION_NEEDS_REVIEW","","","","missing","Buddytraining","1500012, tokyo, 広尾５丁目1-43 広尾ZERO 402号室","1500012","東京都","tokyo","source_only","35.6489469","139.7174277","medium","INDEPENDENT_FACILITY","","Buddytraining","buddytraining","","","fail-closed-source-review","HYROX governing-body Training Finder record has a stable HGY identity","Facility official website is missing from the governing-body record","HYROX governing-body Training Finder","true"
"HGY_4GF2DeDJoIzNRU4jn9scAv65V","CLUB 360","NEW_LOCATION_NEEDS_REVIEW","","","https://www.club360.jp/hyrox","verified","CLUB 360","106-0046, Minato City, Vort Building B1","106-0046","","Minato City","source_only","35.6580259","139.7275425","high","INDEPENDENT_FACILITY","","CLUB 360","club-360","","","fail-closed-source-review","HYROX governing-body Training Finder record has a stable HGY identity","Postal authority did not resolve prefecture and city","HYROX governing-body Training Finder | facility official website","true"
"HGY_HjNdQDAfuWv7EMnLQgF19CxlE","CONDITIONNING LAB SYNE","NEW_LOCATION_NEEDS_REVIEW","","","","missing","CONDITIONNING LAB SYNE","1900023, Tachikawashi, Shjisbasakichou2-7-9 Shibasakibiru 1F","1900023","","Tachikawashi","source_only","35.6913016","139.4072136","medium","INDEPENDENT_FACILITY","","CONDITIONNING LAB SYNE","conditionning-lab-syne","","","fail-closed-source-review","HYROX governing-body Training Finder record has a stable HGY identity","Facility official website is missing from the governing-body record","HYROX governing-body Training Finder","true"
"HGY_zT38XocZWjN6x2A45PNSfsasN","Coone Fitness","NEW_LOCATION_NEEDS_REVIEW","","","https://coonecamp.jp/","insufficient_identity_evidence","Coone Fitness","3300845, Omiya-ku, Saitama, 3-48-2 Nakacho","3300845","埼玉県","Omiya-ku, Saitama","source_only","35.9049653","139.6299679","medium","INDEPENDENT_FACILITY","","Coone Fitness","coone-fitness","","","fail-closed-source-review","HYROX governing-body Training Finder record has a stable HGY identity","Official website did not expose enough name/address evidence for deterministic identity","HYROX governing-body Training Finder | facility official website","true"
"HGY_RFVnw99mAdpSM2kA6DzbK0fwO","CrossFit  SETAGAYA","NEW_LOCATION_NEEDS_REVIEW","","","","missing","CrossFit  SETAGAYA","154-0023, TOKYO, Setagaya-ku Wakabayashi1-18-10 Keihann setagaya bld.1FB","154-0023","東京都","TOKYO","source_only","35.643349","139.66366","medium","INDEPENDENT_FACILITY","","CrossFit  SETAGAYA","crossfit-setagaya","","","fail-closed-source-review","HYROX governing-body Training Finder record has a stable HGY identity","Facility official website is missing from the governing-body record","HYROX governing-body Training Finder","true"
"HGY_JCa2wmnnXSkHcguScx2Fg9XC8","CrossFit Amagasaki","NEW_LOCATION_NEEDS_REVIEW","","","","missing","CrossFit Amagasaki","6600807, Hyogo, Amagasaki, Nagasu nishidori 1-13-7","6600807","兵庫県","尼崎市","postal_authority_resolved","34.7269537","135.4285706","medium","INDEPENDENT_FACILITY","","CrossFit Amagasaki","crossfit-amagasaki","","","fail-closed-source-review","HYROX governing-body Training Finder record has a stable HGY identity","Facility official website is missing from the governing-body record","HYROX governing-body Training Finder | postal address lookup","true"
"HGY_Cl8QF5olON4Y0D7mho4iGg34L","CrossFit Ashiya","NEW_LOCATION_READY","","","https://crossfitashiya.com/","verified","CrossFit Ashiya","659-0013, Ashiya,HYOGO, 7-5 Iwazono-cho","659-0013","兵庫県","芦屋市","postal_authority_resolved","34.7413476","135.3114397","high","INDEPENDENT_FACILITY","","CrossFit Ashiya","crossfit-ashiya","crossfit-ashiya","fitness_studio","official-site-postal-identity","HYROX governing-body Training Finder record has a stable HGY identity | Facility official website confirms the facility identity and address signal | Postal authority resolves prefecture and city","","HYROX governing-body Training Finder | facility official website | postal address lookup","false"
"HGY_wKwr756BgwTwHLwcICNji4PJx","CrossFit Hakata Shingu","NEW_LOCATION_READY","","","https://www.crossfit-hakata-shingu.com/","verified","CrossFit Hakata Shingu","8110101, Fukuoka, 1793-7 harugami  Oaza Shingumachi kasuyagun","8110101","福岡県","糟屋郡新宮町","postal_authority_resolved","33.6950473","130.4501025","medium","INDEPENDENT_FACILITY","","CrossFit Hakata Shingu","crossfit-hakata-shingu","crossfit-hakata-shingu","fitness_studio","official-site-name-address-identity","HYROX governing-body Training Finder record has a stable HGY identity | Facility official website confirms the facility identity and address signal | Postal authority resolves prefecture and city","","HYROX governing-body Training Finder | facility official website | postal address lookup","false"
"HGY_bflglCfjg61ogQkThSd1y80Jn","CrossFit HAYATE","NEW_LOCATION_NEEDS_REVIEW","","","https://crossfithayate.com/","insufficient_identity_evidence","CrossFit HAYATE","4560057, Aichi, Nagoya, C204 9 goban-cho Atsuta-ku","4560057","愛知県","Nagoya","source_only","35.1158448","136.8899976","medium","INDEPENDENT_FACILITY","","CrossFit HAYATE","crossfit-hayate","","","fail-closed-source-review","HYROX governing-body Training Finder record has a stable HGY identity","Official website did not expose enough name/address evidence for deterministic identity","HYROX governing-body Training Finder | facility official website","true"
"HGY_i69hHLLmM3NSGkdz0T1eWSTAL","CrossFit ILF","NEW_LOCATION_NEEDS_REVIEW","","","","missing","CrossFit ILF","901-0416, Shimajiri, Shimajiri Gun Yaese Cho Gishi 578-1","901-0416","沖縄県","島尻郡八重瀬町","postal_authority_resolved","26.1725877","127.7104431","medium","INDEPENDENT_FACILITY","","CrossFit ILF","crossfit-ilf","","","fail-closed-source-review","HYROX governing-body Training Finder record has a stable HGY identity","Facility official website is missing from the governing-body record","HYROX governing-body Training Finder | postal address lookup","true"
"HGY_GjdVGIybcOjSedJ9IQ6fDsZPv","CrossFit Kamuy","NEW_LOCATION_NEEDS_REVIEW","","","https://crossfitkamuy.com/?utm_source=ig&utm_medium=social&utm_content=link_in_bio&fbclid=PAZXh0bgNhZW0CMTEAc3J0YwZhcHBfaWQMMjU2MjgxMDQwNTU4AAGnXQctOxmmwdvXYNKA9wG3Pwt4KLowOgqAQDMfyZKiynuDzFFvOazvs_q9w1k_aem_iK6UYMg5TsRunNoXX9eITQ","verified","CrossFit Kamuy","220-0073, Yokohama, 2-11-9 Okano Nishiku","220-0073","","Yokohama","source_only","35.4597779","139.6113729","high","INDEPENDENT_FACILITY","","CrossFit Kamuy","crossfit-kamuy","","","fail-closed-source-review","HYROX governing-body Training Finder record has a stable HGY identity","Postal authority did not resolve prefecture and city","HYROX governing-body Training Finder | facility official website","true"
"HGY_TKMAq3PiVcrsYG5AUGSG5qZEN","CrossFit Kofu","NEW_LOCATION_NEEDS_REVIEW","","","https://crossfitkofu.com/","verified","CrossFit Kofu","400-0053, Kofu-shi,, 1490-3 Osatocho","400-0053","","Kofu-shi,","source_only","35.6190735","138.5608099","high","INDEPENDENT_FACILITY","","CrossFit Kofu","crossfit-kofu","","","fail-closed-source-review","HYROX governing-body Training Finder record has a stable HGY identity","Postal authority did not resolve prefecture and city","HYROX governing-body Training Finder | facility official website","true"
"HGY_kCFMRp8Q0qOkn2iMEYikZq4Kg","CrossFit Kumamoto","NEW_LOCATION_READY","","","https://www.crossfitkumamoto.com/","verified","CrossFit Kumamoto","8600822, Kumamoto, 331-1 Motoyamamachi Chuo-ku","8600822","熊本県","熊本市中央区","postal_authority_resolved","32.7877427","130.6964067","high","INDEPENDENT_FACILITY","","CrossFit Kumamoto","crossfit-kumamoto","crossfit-kumamoto","fitness_studio","official-site-postal-identity","HYROX governing-body Training Finder record has a stable HGY identity | Facility official website confirms the facility identity and address signal | Postal authority resolves prefecture and city","","HYROX governing-body Training Finder | facility official website | postal address lookup","false"
"HGY_DLjUhhRwnLvdG4hC8cXKSPzCq","CrossFit MACHIDA","NEW_LOCATION_NEEDS_REVIEW","","","","missing","CrossFit MACHIDA","1940022, Tokyo, 1-25-21 MORINO","1940022","東京都","Tokyo","source_only","35.5458915","139.4438579","medium","INDEPENDENT_FACILITY","","CrossFit MACHIDA","crossfit-machida","","","fail-closed-source-review","HYROX governing-body Training Finder record has a stable HGY identity","Facility official website is missing from the governing-body record","HYROX governing-body Training Finder","true"
"HGY_9poyQWuldcVuaHADNMHWTPRfQ","CrossFit Machiya","NEW_LOCATION_NEEDS_REVIEW","","","","missing","CrossFit Machiya","116-0002, Arakawa City, 荒川区荒川6－6－1","116-0002","","Arakawa City","source_only","35.7427073","139.7801508","medium","INDEPENDENT_FACILITY","","CrossFit Machiya","crossfit-machiya","","","fail-closed-source-review","HYROX governing-body Training Finder record has a stable HGY identity","Facility official website is missing from the governing-body record","HYROX governing-body Training Finder","true"
"HGY_minG8KdzMB6B4YLlOLzHWcOKn","CrossFit Matsumoto","NEW_LOCATION_NEEDS_REVIEW","","","https://crossfitmatsumoto.com/","verified","CrossFit Matsumoto","3990036, matsumoto city, muraimachi minami 4-21-3 sinkou  building 1F west","3990036","","matsumoto city","source_only","36.1717291","137.9595967","high","INDEPENDENT_FACILITY","","CrossFit Matsumoto","crossfit-matsumoto","","","fail-closed-source-review","HYROX governing-body Training Finder record has a stable HGY identity","Postal authority did not resolve prefecture and city","HYROX governing-body Training Finder | facility official website","true"
"HGY_i9WQU37U4iMwhDulqaXJLnA2v","CrossFit Mitaka","NEW_LOCATION_NEEDS_REVIEW","","","https://crossfitmitaka.tokyo/","verified","CrossFit Mitaka","181-0013, Tokyo, B1F, Mitaka Center 2nd Building, 3-28-21 Shimorenjaku, Mitaka-shi","181-0013","東京都","Tokyo","source_only","35.6998119","139.5612568","high","INDEPENDENT_FACILITY","","CrossFit Mitaka","crossfit-mitaka","","","fail-closed-source-review","HYROX governing-body Training Finder record has a stable HGY identity","Postal authority did not resolve prefecture and city","HYROX governing-body Training Finder | facility official website","true"
"HGY_PHT5uoCZZO2tEyxMU4ImHO4EL","CrossFit Motomachi","NEW_LOCATION_NEEDS_REVIEW","","","","missing","CrossFit Motomachi","6500022, Kobe, Motomachi Plaza B1F-C, 2-9-1 Motomachi-dori, Chuo-ku,","6500022","兵庫県","神戸市中央区","postal_authority_resolved","34.6890517","135.1869352","medium","INDEPENDENT_FACILITY","","CrossFit Motomachi","crossfit-motomachi","","","fail-closed-source-review","HYROX governing-body Training Finder record has a stable HGY identity","Facility official website is missing from the governing-body record","HYROX governing-body Training Finder | postal address lookup","true"
"HGY_JvN4Z8dSYs9ca9kzgNl28kWVL","CrossFit Nakamozu","NEW_LOCATION_NEEDS_REVIEW","","","https://www.instagram.com/crossfit_nakamozu/","noncanonical","CrossFit Nakamozu","591-8032, 堺市, 3-24-2,Mozuumemachi,Higashi-ward","591-8032","大阪府","堺市北区","postal_authority_resolved","34.55249425661171","135.50165190857564","medium","INDEPENDENT_FACILITY","","CrossFit Nakamozu","crossfit-nakamozu","","","fail-closed-source-review","HYROX governing-body Training Finder record has a stable HGY identity","Only a social, booking, or hosted landing-page URL is available","HYROX governing-body Training Finder | facility official website | postal address lookup","true"
"HGY_Kg433w73iQIbSdY97CXEbzUk9","CrossFit Otoyo Strength","NEW_LOCATION_READY","","","https://www.otoyostrength.com/","verified","CrossFit Otoyo Strength","7890166, Kochi, 317-1 Higashidoi, Otoyo-cho, Nagaoka-gun","7890166","高知県","長岡郡大豊町","postal_authority_resolved","33.7937737","133.7574224","high","INDEPENDENT_FACILITY","","CrossFit Otoyo Strength","crossfit-otoyo-strength","crossfit-otoyo-strength","fitness_studio","official-site-postal-identity","HYROX governing-body Training Finder record has a stable HGY identity | Facility official website confirms the facility identity and address signal | Postal authority resolves prefecture and city","","HYROX governing-body Training Finder | facility official website | postal address lookup","false"
"HGY_TG4052uDtmYS0I70ODdFi7704","CrossFit Otsuka","NEW_LOCATION_NEEDS_REVIEW","","","https://crossfit-otsuka.com/","verified","CrossFit Otsuka","1700004, Tokyo, 1-33-22 kitaotsuka,toshimaku","1700004","東京都","Tokyo","source_only","35.7335729","139.7301811","high","INDEPENDENT_FACILITY","","CrossFit Otsuka","crossfit-otsuka","","","fail-closed-source-review","HYROX governing-body Training Finder record has a stable HGY identity","Postal authority did not resolve prefecture and city","HYROX governing-body Training Finder | facility official website","true"
"HGY_GyudKibCcLKI0LIwxnYTcv2Te","CrossFit Rakuhoku","NEW_LOCATION_READY","","","https://crossfitrakuhoku.com/","verified","CrossFit Rakuhoku","606-8004, Kyoto, 7-1 Yamabanakawabatacho","606-8004","京都府","京都市左京区","postal_authority_resolved","35.0511036","135.7898774","high","INDEPENDENT_FACILITY","","CrossFit Rakuhoku","crossfit-rakuhoku","crossfit-rakuhoku","fitness_studio","official-site-postal-identity","HYROX governing-body Training Finder record has a stable HGY identity | Facility official website confirms the facility identity and address signal | Postal authority resolves prefecture and city","","HYROX governing-body Training Finder | facility official website | postal address lookup","false"
"HGY_lO4q9FsvCxkbgiBXhBLDbHDI0","CrossFit Takarazuka","NEW_LOCATION_READY","","","https://crossfittakarazuka.com/","verified","CrossFit Takarazuka","665-0822, Takarazuka, 1-13-18 Akuranaka","665-0822","兵庫県","宝塚市","postal_authority_resolved","34.8032594","135.3718761","high","INDEPENDENT_FACILITY","","CrossFit Takarazuka","crossfit-takarazuka","crossfit-takarazuka","fitness_studio","official-site-postal-identity","HYROX governing-body Training Finder record has a stable HGY identity | Facility official website confirms the facility identity and address signal | Postal authority resolves prefecture and city","","HYROX governing-body Training Finder | facility official website | postal address lookup","false"
"HGY_ygO9mHhu9Hbmoszq4sn4Z1Zw0","Crossfit Uninterrupted","NEW_LOCATION_NEEDS_REVIEW","","","https://en.crossfituninterrupted.com/","unavailable","Crossfit Uninterrupted","220-0012, Kanagawa, Pryme Coast Minatomirai 2K, 6-3-4 Minatomirai, Nishi-ku, Yokohama","220-0012","神奈川県","Kanagawa","source_only","35.463547","139.6328459","medium","INDEPENDENT_FACILITY","","Crossfit Uninterrupted","crossfit-uninterrupted","","","fail-closed-source-review","HYROX governing-body Training Finder record has a stable HGY identity","Facility official website could not be verified live","HYROX governing-body Training Finder","true"
"HGY_5aNZOChK8CavnIRpCdStNa0KU","CrossFit Uninterrupted Collective","NEW_LOCATION_NEEDS_REVIEW","","","https://www.crossfituninterrupted.com/","insufficient_identity_evidence","CrossFit Uninterrupted Collective","158-0094, Setagaya City, 2-16-5 Tamagawa, Setagaya-ku","158-0094","","Setagaya City","source_only","35.6141643","139.6293048","medium","INDEPENDENT_FACILITY","","CrossFit Uninterrupted Collective","crossfit-uninterrupted-collective","","","fail-closed-source-review","HYROX governing-body Training Finder record has a stable HGY identity","Official website did not expose enough name/address evidence for deterministic identity","HYROX governing-body Training Finder | facility official website","true"
"HGY_ilpB5BY0mpBU4wTEZgBbmetS7","CrossFit 松山","NEW_LOCATION_NEEDS_REVIEW","","","","missing","CrossFit 松山","791-8015, 松山市, 中央1−4−5","791-8015","愛媛県","松山市","postal_authority_resolved","33.8539401","132.7540009","medium","INDEPENDENT_FACILITY","","CrossFit 松山","crossfit","","","fail-closed-source-review","HYROX governing-body Training Finder record has a stable HGY identity","Facility official website is missing from the governing-body record","HYROX governing-body Training Finder | postal address lookup","true"
"HGY_w0fsND7jBYlmRipHytS9TFkH8","crossfitokayama","NEW_LOCATION_READY","","","https://www.crossfitokayama.com/","verified","crossfitokayama","702-8011, Okayama-shi, Crossfitokayama 2978-8 Kori Minami-ku","702-8011","岡山県","岡山市南区","postal_authority_resolved","34.5843808","133.9566847","medium","INDEPENDENT_FACILITY","","crossfitokayama","crossfitokayama","crossfitokayama","fitness_studio","official-site-name-address-identity","HYROX governing-body Training Finder record has a stable HGY identity | Facility official website confirms the facility identity and address signal | Postal authority resolves prefecture and city","","HYROX governing-body Training Finder | facility official website | postal address lookup","false"
"HGY_odlnWDpLf7vstauEn9OOylTjB","Deportare Club","NEW_LOCATION_NEEDS_REVIEW","","","","missing","Deportare Club","1060041, 東京都港区, 麻布台一丁目3番1号 麻布台ヒルズ森JPタワー4階","1060041","東京都","東京都港区","source_only","35.6612155","139.740616","medium","INDEPENDENT_FACILITY","","Deportare Club","deportare-club","","","fail-closed-source-review","HYROX governing-body Training Finder record has a stable HGY identity","Facility official website is missing from the governing-body record","HYROX governing-body Training Finder","true"
"HGY_xyAU0lT9Vs7V3PVl1H9RJ5g1r","EastCoastPark","NEW_LOCATION_NEEDS_REVIEW","","","https://www.instagram.com/eastcoastpark_sendai?utm_source=ig_web_button_share_sheet&igsh=ZDNlZDc0MzIxNw==","noncanonical","EastCoastPark","9840033, Sendai, Arahama Shinhoribata 1-3","9840033","宮城県","仙台市若林区","postal_authority_resolved","38.22610299999999","140.9735548","medium","INDEPENDENT_FACILITY","","EastCoastPark","eastcoastpark","","","fail-closed-source-review","HYROX governing-body Training Finder record has a stable HGY identity","Only a social, booking, or hosted landing-page URL is available","HYROX governing-body Training Finder | facility official website | postal address lookup","true"
"HGY_C71sb4HIOLDnsHEpGiA3caMOJ","ELEMENT 池尻大橋店","NEW_LOCATION_NEEDS_REVIEW","","","https://element-gym.com/","verified","ELEMENT 池尻大橋店","153-0042, 東京都, 目黒区青葉台３丁目１２−７ モアリッシェル代官山青葉台 B1","153-0042","東京都","東京都","source_only","35.6514508","139.6911215","high","INDEPENDENT_FACILITY","","ELEMENT 池尻大橋店","element","","","fail-closed-source-review","HYROX governing-body Training Finder record has a stable HGY identity","Postal authority did not resolve prefecture and city","HYROX governing-body Training Finder | facility official website","true"
"HGY_mSkoLyCWJwPT39x02V3w0hu0t","ELITEGYM","NEW_LOCATION_NEEDS_REVIEW","","","","missing","ELITEGYM","5500005, Osaka, CEnishihonmachibuilding#102,1-7-7,Nishihonnmachi,Nishiku","5500005","大阪府","Osaka","source_only","34.6832815","135.4964928","medium","INDEPENDENT_FACILITY","","ELITEGYM","elitegym","","","fail-closed-source-review","HYROX governing-body Training Finder record has a stable HGY identity","Facility official website is missing from the governing-body record","HYROX governing-body Training Finder","true"
"HGY_oY9C1ywaWlEhDuOstuuQngXDg","ENZA HYROX TRAINING CLUB","NEW_LOCATION_NEEDS_REVIEW","","","https://enza.stores.jp/reserve/hyrox","noncanonical","ENZA HYROX TRAINING CLUB","2240036, 神奈川県横浜市, 都筑区葛が谷１４－７クレール関　B","2240036","神奈川県","神奈川県横浜市","source_only","35.5354457","139.56311","medium","INDEPENDENT_FACILITY","","ENZA HYROX TRAINING CLUB","enza-hyrox-training-club","","","fail-closed-source-review","HYROX governing-body Training Finder record has a stable HGY identity","Only a social, booking, or hosted landing-page URL is available","HYROX governing-body Training Finder","true"
"HGY_DWTQ6FfFIG3fDJP1helxDpfmL","F45 Training Hamamatsucho","NEW_LOCATION_NEEDS_REVIEW","","","https://f45training.com/jp/studio/hamamatsucho/","verified","F45 Training Hamamatsucho","105-0013, Tokyo, Tokyo, Hamamatsucho 2-2-15 2F Minato-ku","105-0013","東京都","Tokyo","source_only","35.6552284","139.7548466","medium","NEW_BRAND_CANDIDATE","","F45 Training","f45-training","","","fail-closed-source-review","HYROX governing-body Training Finder record has a stable HGY identity","Postal authority did not resolve prefecture and city","HYROX governing-body Training Finder | facility official website","true"
"HGY_AcmNmQZowUS3ehpJBjGOvQgRe","FANTREPOT","NEW_LOCATION_NEEDS_REVIEW","","","https://fantrepot-fitness.com/HYROX/","insufficient_identity_evidence","FANTREPOT","064-0805, 札幌市, 中央区南５条西８丁目９−１ 3F","064-0805","","札幌市","source_only","43.0536581","141.3466028","medium","INDEPENDENT_FACILITY","","FANTREPOT","fantrepot","","","fail-closed-source-review","HYROX governing-body Training Finder record has a stable HGY identity","Official website did not expose enough name/address evidence for deterministic identity","HYROX governing-body Training Finder | facility official website","true"
"HGY_FiCZhKUENG3Vf6prJVC8KhpOK","FITNESS CLUB EXE GYM HYROX","NEW_LOCATION_NEEDS_REVIEW","","","","missing","FITNESS CLUB EXE GYM HYROX","5500002, 大阪市, 西区江戸堀1-10-8","5500002","","大阪市","source_only","34.6894715","135.4962494","medium","INDEPENDENT_FACILITY","","FITNESS CLUB EXE GYM HYROX","fitness-club-exe-gym-hyrox","","","fail-closed-source-review","HYROX governing-body Training Finder record has a stable HGY identity","Facility official website is missing from the governing-body record","HYROX governing-body Training Finder","true"
"HGY_vexROb0W8GM2zgqdqdysd1LYz","Fitness Studio YOU'phoria","NEW_LOCATION_NEEDS_REVIEW","","","","missing","Fitness Studio YOU'phoria","4640075, Nagoya-shi Aichi, 3-10-22 Uchiyama Chikusa-ku YAMATO Building 2F","4640075","愛知県","Nagoya-shi Aichi","source_only","35.1702619","136.9361566","medium","INDEPENDENT_FACILITY","","Fitness Studio YOU'phoria","fitness-studio-youphoria","","","fail-closed-source-review","HYROX governing-body Training Finder record has a stable HGY identity","Facility official website is missing from the governing-body record","HYROX governing-body Training Finder","true"
"HGY_6lR3pcwsQaSGSlsQTdrNrO1jc","FITONE SHIBUYA","NEW_LOCATION_NEEDS_REVIEW","","","","missing","FITONE SHIBUYA","150-0011, Shibuya, 2-17-9 Higashi, Shibuya-ku","150-0011","","Shibuya","source_only","35.6523533","139.7091351","medium","INDEPENDENT_FACILITY","","FITONE SHIBUYA","fitone-shibuya","","","fail-closed-source-review","HYROX governing-body Training Finder record has a stable HGY identity","Facility official website is missing from the governing-body record","HYROX governing-body Training Finder","true"
"HGY_9j7tOa1tFNd8qcCG1Wyo5FzJ6","FORGE","NEW_LOCATION_NEEDS_REVIEW","","","","missing","FORGE","4380071, Iwata-shi, 2-15-13 ,Imanoura","4380071","","Iwata-shi","source_only","34.7170979","137.8607902","medium","INDEPENDENT_FACILITY","","FORGE","forge","","","fail-closed-source-review","HYROX governing-body Training Finder record has a stable HGY identity","Facility official website is missing from the governing-body record","HYROX governing-body Training Finder","true"
"HGY_u1B3yXynkPyPxOuTQPXyjceFr","Freeletics Goals","NEW_LOCATION_NEEDS_REVIEW","","","https://www.freeleticsgoals.com/en/","verified","Freeletics Goals","231-0011, Yokohama, Kanagawa, SSKnot 1F  5-69 Otamachi Naka-ku","231-0011","神奈川県","Yokohama, Kanagawa","source_only","35.4486154","139.6353908","high","INDEPENDENT_FACILITY","","Freeletics Goals","freeletics-goals","","","fail-closed-source-review","HYROX governing-body Training Finder record has a stable HGY identity","Postal authority did not resolve prefecture and city","HYROX governing-body Training Finder | facility official website","true"
"HGY_qOcqK0E94UdIHKuNFcMIRpvhf","FREESTYLE FITNESS","NEW_LOCATION_NEEDS_REVIEW","","","","missing","FREESTYLE FITNESS","650-0011, KOBE, 1F, Tofuku Building, 3-4-1 Shimoyamate-dori, Chuo-ku","650-0011","兵庫県","神戸市中央区","postal_authority_resolved","34.6924724","135.1847676","medium","INDEPENDENT_FACILITY","","FREESTYLE FITNESS","freestyle-fitness","","","fail-closed-source-review","HYROX governing-body Training Finder record has a stable HGY identity","Facility official website is missing from the governing-body record","HYROX governing-body Training Finder | postal address lookup","true"
"HGY_C0V7CK7K15SLUrMhBvyyO0phM","g-zone PARK","NEW_LOCATION_READY","","","https://g-zone.co.jp/park/","verified","g-zone PARK","615-0933, 京都府, 京都市右京区梅津後藤町1-3","615-0933","京都府","京都市右京区","postal_authority_resolved","35.0032571","135.7020504","high","NEW_BRAND_CANDIDATE","","g-zone","g-zone","g-zone-park","fitness_studio","official-site-postal-identity","HYROX governing-body Training Finder record has a stable HGY identity | Facility official website confirms the facility identity and address signal | Postal authority resolves prefecture and city","","HYROX governing-body Training Finder | facility official website | postal address lookup","false"
"HGY_B3b9UhAHRpfS8gfh1UXY6UF35","G2FITNESS","NEW_LOCATION_NEEDS_REVIEW","","","https://g2-fitness.com/","insufficient_identity_evidence","G2FITNESS","410-0022, Numazu, 1960-1 Ooka","410-0022","","Numazu","source_only","35.114621","138.8685116","medium","INDEPENDENT_FACILITY","","G2FITNESS","g2fitness","","","fail-closed-source-review","HYROX governing-body Training Finder record has a stable HGY identity","Official website did not expose enough name/address evidence for deterministic identity","HYROX governing-body Training Finder | facility official website","true"
"HGY_DnvhbwSSMXQWN6DL1AdCp966G","Gold’s Gym Kashihara Nara","NEW_LOCATION_NEEDS_REVIEW","","","","missing","Gold’s Gym Kashihara Nara","6340008, Toichicho, Kashihara-shi, 2F Twin Gate Kashihara,1222-1","6340008","奈良県","橿原市","postal_authority_resolved","34.5292832","135.7965551","medium","EXISTING_BRAND_MATCH","dd9e21fe-f2a1-4728-92f8-8c89fa83931e","Gold's Gym","golds-gym","","","fail-closed-source-review","HYROX governing-body Training Finder record has a stable HGY identity","Facility official website is missing from the governing-body record","HYROX governing-body Training Finder | postal address lookup","true"
"HGY_mAUikrooxzoDevlGFVY7yXt3l","Gold‘s Gym Maebashi Inter","NEW_LOCATION_NEEDS_REVIEW","","","","missing","Gold‘s Gym Maebashi Inter","370-0001, Takasaki, Gunma, 44　Nakao-machi, Akamaru A Building, 1F","370-0001","群馬県","Takasaki, Gunma","source_only","36.37503","139.0336953","medium","EXISTING_BRAND_MATCH","dd9e21fe-f2a1-4728-92f8-8c89fa83931e","Gold's Gym","golds-gym","","","fail-closed-source-review","HYROX governing-body Training Finder record has a stable HGY identity","Facility official website is missing from the governing-body record","HYROX governing-body Training Finder","true"
"HGY_mkqpr1PrUO2WFjQgpVsFUSkMv","Gold's Gym Makuhari Bay-Park Arena","EXISTING_LOCATION_CONFIRMED_MATCH","73a4df85-88c1-4545-a74b-4fcf9a5ffaf8","golds-gym-12131","https://www.goldsgym.jp/shop/makuhari-baypark-arena/","verified","幕張ベイパークアリーナ","2610014, Chiba-Shi, Makuhari Bay-Park Wellness Center 3-1-37 ｗakaba,Mihama-ku","2610014","千葉県","Chiba-Shi","source_only","35.6447842","140.0495934","high","EXISTING_BRAND_MATCH","dd9e21fe-f2a1-4728-92f8-8c89fa83931e","Gold's Gym","golds-gym","","fitness_club","official-facility-final-url-exact","HYROX governing-body Training Finder record has a stable HGY identity | Official facility URL redirects to the existing GymMap location URL","","HYROX governing-body Training Finder | facility official website","false"
"HGY_7MJZO3Hp7vJJplWi30g6yPwIZ","Good Habit daikanyama","NEW_LOCATION_NEEDS_REVIEW","","","https://g-habit.com/","verified","Good Habit daikanyama","1500033, shibuyaku, 9-2 レ・ミストラルdaikanyamaB1F","1500033","","shibuyaku","source_only","35.650957","139.7033232","high","INDEPENDENT_FACILITY","","Good Habit daikanyama","good-habit-daikanyama","","","fail-closed-source-review","HYROX governing-body Training Finder record has a stable HGY identity","Postal authority did not resolve prefecture and city","HYROX governing-body Training Finder | facility official website","true"
"HGY_WwI5XjqwNQ9fVt0tFLF0Y5pTi","GRANDSTONE SKY ATHLETICS","NEW_LOCATION_NEEDS_REVIEW","","","","missing","GRANDSTONE SKY ATHLETICS","6510086, kobe-shi,hyogo-ken, 9F-1-1-18hamabedori,chuo-ku","6510086","兵庫県","神戸市中央区","postal_authority_resolved","34.6928631","135.2000581","medium","INDEPENDENT_FACILITY","","GRANDSTONE SKY ATHLETICS","grandstone-sky-athletics","","","fail-closed-source-review","HYROX governing-body Training Finder record has a stable HGY identity","Facility official website is missing from the governing-body record","HYROX governing-body Training Finder | postal address lookup","true"
"HGY_JIrzMHO2rP2Len2KG3ZOew0ot","GymFit Build Run Core","NEW_LOCATION_NEEDS_REVIEW","","","","missing","GymFit Build Run Core","213-0001, 川崎市, 神奈川県川崎市高津区溝口2-14-6","213-0001","神奈川県","川崎市","source_only","35.6017833","139.6117762","medium","INDEPENDENT_FACILITY","","GymFit Build Run Core","gymfit-build-run-core","","","fail-closed-source-review","HYROX governing-body Training Finder record has a stable HGY identity","Facility official website is missing from the governing-body record","HYROX governing-body Training Finder","true"
"HGY_QT7VhrLDp4OIr5MJDDdEFDsGs","H-Field Sports Performance Center","NEW_LOCATION_READY","","","https://www.h-fieldsendai.com/","verified","H-Field Sports Performance Center","980-0023, Sendai, 青葉区北目町2番40号","980-0023","宮城県","仙台市青葉区","postal_authority_resolved","38.2551376","140.8763012","high","INDEPENDENT_FACILITY","","H-Field Sports Performance Center","h-field-sports-performance-center","h-field-sports-performance-center","fitness_studio","official-site-postal-identity","HYROX governing-body Training Finder record has a stable HGY identity | Facility official website confirms the facility identity and address signal | Postal authority resolves prefecture and city","","HYROX governing-body Training Finder | facility official website | postal address lookup","false"
"HGY_j1Szv4JmxytARCgfm48f0Z4xS","HTC CHIKUSA– Human Performance Training Center –","NEW_LOCATION_NEEDS_REVIEW","","","https://htc-chikusa.com/","verified","HTC CHIKUSA– Human Performance Training Center –","460-0007, Nagoya, 新栄３丁目６−３","460-0007","","Nagoya","source_only","35.1686373","136.9272898","high","INDEPENDENT_FACILITY","","HTC CHIKUSA– Human Performance Training Center –","htc-chikusa-human-performance-training-center","","","fail-closed-source-review","HYROX governing-body Training Finder record has a stable HGY identity","Postal authority did not resolve prefecture and city","HYROX governing-body Training Finder | facility official website","true"
"HGY_OFeOcuxCgnvAFZl5IgUk1XUd0","Hybrid Beast Sapporo","NEW_LOCATION_NEEDS_REVIEW","","","https://hybridbeast.hacomono.jp/home","noncanonical","Hybrid Beast Sapporo","0640801, 札幌市, 札幌市中央区南1条西22丁目1 Build裏参道2F","0640801","","札幌市","source_only","43.0559451","141.3233041","medium","INDEPENDENT_FACILITY","","Hybrid Beast Sapporo","hybrid-beast-sapporo","","","fail-closed-source-review","HYROX governing-body Training Finder record has a stable HGY identity","Only a social, booking, or hosted landing-page URL is available","HYROX governing-body Training Finder | facility official website","true"
"HGY_XotZqvZQHBEFn2JSD3GmfJOy8","Hyex吉祥寺","NEW_LOCATION_NEEDS_REVIEW","","","https://hyex.jp/studio/lp/","verified","Hyex吉祥寺","1800002, 武蔵野市, 吉祥寺東町1−17−18 三角ビルB1","1800002","","武蔵野市","source_only","35.7052607","139.584067","high","NEW_BRAND_CANDIDATE","","HYEX","hyex","","","fail-closed-source-review","HYROX governing-body Training Finder record has a stable HGY identity","Postal authority did not resolve prefecture and city","HYROX governing-body Training Finder | facility official website","true"
"HGY_gxp3RxDXjGnAXoHd4NDNwGxXP","Hyex大宮","NEW_LOCATION_NEEDS_REVIEW","","","https://hyex.jp/","insufficient_identity_evidence","Hyex大宮","330-0843, 埼玉県さいたま市大宮区, 吉敷町1-54-1","330-0843","埼玉県","埼玉県さいたま市大宮区","source_only","35.9010308","139.6286864","medium","NEW_BRAND_CANDIDATE","","HYEX","hyex","","","fail-closed-source-review","HYROX governing-body Training Finder record has a stable HGY identity","Official website did not expose enough name/address evidence for deterministic identity","HYROX governing-body Training Finder | facility official website","true"
"HGY_4Kx194vI1vYN16zNDOfdmVGfx","HYROX365 BC Michiko","NEW_LOCATION_NEEDS_REVIEW","","","","missing","HYROX365 BC Michiko","2160042, Kanagawa, Kawasaki, 2-20-12 Minaminogawa Miyamae","2160042","神奈川県","Kawasaki","source_only","35.5685573","139.6037769","medium","INDEPENDENT_FACILITY","","HYROX365 BC Michiko","hyrox365-bc-michiko","","","fail-closed-source-review","HYROX governing-body Training Finder record has a stable HGY identity","Facility official website is missing from the governing-body record","HYROX governing-body Training Finder","true"
"HGY_5Gn5GvfvOjcSrI8A5IoBZkV4I","HYX Gym NAGOYA","NEW_LOCATION_NEEDS_REVIEW","","","","missing","HYX Gym NAGOYA","486-0967, Kasugai-shi Aichi Prefecture, 2319-4 Nishi-Honmachi Ajiyoshi","486-0967","愛知県","Kasugai-shi Aichi Prefecture","source_only","35.2355403","136.9370247","medium","INDEPENDENT_FACILITY","","HYX Gym NAGOYA","hyx-gym-nagoya","","","fail-closed-source-review","HYROX governing-body Training Finder record has a stable HGY identity","Facility official website is missing from the governing-body record","HYROX governing-body Training Finder","true"
"HGY_gp7GcAxbIZtxk5KpvoDwAOOcr","Improve KYOTO","NEW_LOCATION_READY","","","https://improve-hyrox.com/","verified","Improve KYOTO","6048221, 京都, B1F, 280 Tenjinyama-cho, Nishikikoji-dori Muromachi Nishi-iru, Nakagyo-ku","6048221","京都府","京都市中京区","postal_authority_resolved","35.005198","135.7572444","high","INDEPENDENT_FACILITY","","Improve KYOTO","improve-kyoto","improve-kyoto","fitness_studio","official-site-postal-identity","HYROX governing-body Training Finder record has a stable HGY identity | Facility official website confirms the facility identity and address signal | Postal authority resolves prefecture and city","","HYROX governing-body Training Finder | facility official website | postal address lookup","false"
"HGY_SuW4zEnJyABlIoQuB6Vhcb55a","J-BOX岡山","NEW_LOCATION_NEEDS_REVIEW","","","","missing","J-BOX岡山","7000953, Minami-ku, Nishiiti,623-6,Kurozumibuilding,1F","7000953","岡山県","岡山市北区","postal_authority_resolved","34.6216168","133.9082387","medium","INDEPENDENT_FACILITY","","J-BOX岡山","j-box","","","fail-closed-source-review","HYROX governing-body Training Finder record has a stable HGY identity","Facility official website is missing from the governing-body record","HYROX governing-body Training Finder | postal address lookup","true"
"HGY_90X3Qce65u8nhankG8yTJUVfT","jirogym fitness studio","NEW_LOCATION_NEEDS_REVIEW","","","","missing","jirogym fitness studio","1410031, 品川区, 西五反田7-22-17 TOC building B1F","1410031","","品川区","source_only","35.6219252","139.7190626","medium","INDEPENDENT_FACILITY","","jirogym fitness studio","jirogym-fitness-studio","","","fail-closed-source-review","HYROX governing-body Training Finder record has a stable HGY identity","Facility official website is missing from the governing-body record","HYROX governing-body Training Finder","true"
"HGY_GpxyO4qXkplkOv85yJTN590Q3","K.K. CrossFitness","NEW_LOCATION_NEEDS_REVIEW","","","","missing","K.K. CrossFitness","106-0032, Tokyo-to, Tokyo, East Roppongi Bldg. 501, Roppongi 3-16-35 MInato-ku","106-0032","東京都","Tokyo","source_only","35.6626506","139.7367049","medium","INDEPENDENT_FACILITY","","K.K. CrossFitness","k-k-crossfitness","","","fail-closed-source-review","HYROX governing-body Training Finder record has a stable HGY identity","Facility official website is missing from the governing-body record","HYROX governing-body Training Finder","true"
"HGY_L3VAddWv1SmZCR2GoXzjkXvDi","KAMAKURA TRAINING GARAGE","NEW_LOCATION_NEEDS_REVIEW","","","","missing","KAMAKURA TRAINING GARAGE","247-0056, Kamakura, 3F, Kanno Building, 1-3-12 Ofuna, Kamakura-shi,","247-0056","","Kamakura","source_only","35.3498287","139.530734","medium","INDEPENDENT_FACILITY","","KAMAKURA TRAINING GARAGE","kamakura-training-garage","","","fail-closed-source-review","HYROX governing-body Training Finder record has a stable HGY identity","Facility official website is missing from the governing-body record","HYROX governing-body Training Finder","true"
"HGY_zCI5QN1QMpQrhFiHusfxjG91Z","KJ PERFORMANCE GYM","NEW_LOCATION_NEEDS_REVIEW","","","https://www.kjperformancegym.com/","verified","KJ PERFORMANCE GYM","1420062, Shinagawa, Koyama 2-12-19","1420062","","Shinagawa","source_only","35.6212787","139.7102726","high","INDEPENDENT_FACILITY","","KJ PERFORMANCE GYM","kj-performance-gym","","","fail-closed-source-review","HYROX governing-body Training Finder record has a stable HGY identity","Postal authority did not resolve prefecture and city","HYROX governing-body Training Finder | facility official website","true"
"HGY_AiNQvbz5TpUUyIPPCXIneECQU","LEAN BODY STORE","NEW_LOCATION_NEEDS_REVIEW","","","https://leanbodystore.my.canva.site/private-gym","noncanonical","LEAN BODY STORE","5203015, ritto-shi, #102 silkroom6 1-12-2 anyouji","5203015","","ritto-shi","source_only","35.0166174","136.0010694","medium","INDEPENDENT_FACILITY","","LEAN BODY STORE","lean-body-store","","","fail-closed-source-review","HYROX governing-body Training Finder record has a stable HGY identity","Only a social, booking, or hosted landing-page URL is available","HYROX governing-body Training Finder | facility official website","true"
"HGY_BJ47rrRIRrDxsxXY3zuNW9imJ","LIVERIC","NEW_LOCATION_NEEDS_REVIEW","","","","missing","LIVERIC","5410059, Osaka-city, tyuo-ku , bakuroumachi , 4-3-4 3F","5410059","大阪府","Osaka-city","source_only","34.6782352","135.4991792","medium","INDEPENDENT_FACILITY","","LIVERIC","liveric","","","fail-closed-source-review","HYROX governing-body Training Finder record has a stable HGY identity","Facility official website is missing from the governing-body record","HYROX governing-body Training Finder","true"
"HGY_7FDA3W6p88v6evTHGBhfHFrvP","LUAANA CLUB","NEW_LOCATION_NEEDS_REVIEW","","","","missing","LUAANA CLUB","1460082, Ota-ku, 7-10-10 Ikegami","1460082","","Ota-ku","source_only","35.5715997","139.7018007","medium","INDEPENDENT_FACILITY","","LUAANA CLUB","luaana-club","","","fail-closed-source-review","HYROX governing-body Training Finder record has a stable HGY identity","Facility official website is missing from the governing-body record","HYROX governing-body Training Finder","true"
"HGY_wWrNDerG0IQoFDsAo4L7w3io2","MEIJI PARK","NEW_LOCATION_NEEDS_REVIEW","","","https://www.meiji-park.com/","verified","MEIJI PARK","1600013, Tokyo, MEIJI PARK, 5-7 Kasumigaokamachi, Shinjuku City","1600013","東京都","Tokyo","source_only","35.6752068","139.7136655","medium","INDEPENDENT_FACILITY","","MEIJI PARK","meiji-park","","","fail-closed-source-review","HYROX governing-body Training Finder record has a stable HGY identity","Postal authority did not resolve prefecture and city","HYROX governing-body Training Finder | facility official website","true"
"HGY_cu0qxn1IsExMf7hzxplXEr5ox","MotomachiBay Fitness","NEW_LOCATION_NEEDS_REVIEW","","","https://www.motomachibayfitness.com/","insufficient_identity_evidence","MotomachiBay Fitness","231-0862, Yokohama, 27-5 Yamatecho, Naka-ku","231-0862","","Yokohama","source_only","35.4374645","139.6456476","medium","INDEPENDENT_FACILITY","","MotomachiBay Fitness","motomachibay-fitness","","","fail-closed-source-review","HYROX governing-body Training Finder record has a stable HGY identity","Official website did not expose enough name/address evidence for deterministic identity","HYROX governing-body Training Finder | facility official website","true"
"HGY_QK799RP2OcY1gOAl2xwpkHa4b","MUSCLE GATE HOTEL GYM BOUTIQUE Powered by GOLD`S GYM","NEW_LOCATION_NEEDS_REVIEW","","","https://www.musclegate-hotelgymboutique.com/","verified","MUSCLE GATE HOTEL GYM BOUTIQUE Powered by GOLD`S GYM","542-0085, 大阪府大阪市, 中央区心斎橋筋2－5－15　クロスホテル大阪5F","542-0085","大阪府","大阪府大阪市","source_only","34.6699179","135.502052","high","EXISTING_BRAND_MATCH","dd9e21fe-f2a1-4728-92f8-8c89fa83931e","Gold's Gym","golds-gym","","","fail-closed-source-review","HYROX governing-body Training Finder record has a stable HGY identity","Postal authority did not resolve prefecture and city","HYROX governing-body Training Finder | facility official website","true"
"HGY_u1jEfMUhWzm4UY0kr23bbloXw","MYFITNESSアスリートハウス","NEW_LOCATION_NEEDS_REVIEW","","","","missing","MYFITNESSアスリートハウス","790-0813, 愛媛県松山市, 萱町3丁目4-9","790-0813","愛媛県","松山市","postal_authority_resolved","33.8472143","132.7568405","medium","INDEPENDENT_FACILITY","","MYFITNESSアスリートハウス","myfitness","","","fail-closed-source-review","HYROX governing-body Training Finder record has a stable HGY identity","Facility official website is missing from the governing-body record","HYROX governing-body Training Finder | postal address lookup","true"
"HGY_xC6UC9Za5P4gAkSZBNF8JEHOh","Nack 5 Stadium","NEW_LOCATION_NEEDS_REVIEW","","","","missing","Nack 5 Stadium","3300803, Saitama, 4 Chome Takahanacho, Omiya Ward,","3300803","埼玉県","Saitama","source_only","35.9189126","139.6318202","medium","INDEPENDENT_FACILITY","","Nack 5 Stadium","nack-5-stadium","","","fail-closed-source-review","HYROX governing-body Training Finder record has a stable HGY identity","Facility official website is missing from the governing-body record","HYROX governing-body Training Finder","true"
"HGY_4wzLJEobhMazi7FA0AThO0VCo","NIG Training Club","NEW_LOCATION_NEEDS_REVIEW","","","https://hyrox.nigh.biz","unavailable","NIG Training Club","880-0925, 宮崎市, 2042-12 Hongo Kitakata","880-0925","宮崎県","宮崎市","postal_authority_resolved","31.876127091330602","131.42712866040998","medium","INDEPENDENT_FACILITY","","NIG Training Club","nig-training-club","","","fail-closed-source-review","HYROX governing-body Training Finder record has a stable HGY identity","Facility official website could not be verified live","HYROX governing-body Training Finder | postal address lookup","true"
"HGY_w8GnFtzgPzHOTZfWMBGzdEtoC","NOTA GYM 西京極店","NEW_LOCATION_READY","","","https://nota-gym.com/","verified","NOTA GYM 西京極店","615-0851, 京都市, 京都市右京区西京極西池田町9番地4 コスミック西京極2階","615-0851","京都府","京都市右京区","postal_authority_resolved","34.9925695","135.7195654","medium","NEW_BRAND_CANDIDATE","","NOTA GYM","nota-gym","nota-gym-6150851","fitness_studio","official-site-name-address-identity","HYROX governing-body Training Finder record has a stable HGY identity | Facility official website confirms the facility identity and address signal | Postal authority resolves prefecture and city","","HYROX governing-body Training Finder | facility official website | postal address lookup","false"
"HGY_h8B3zjgLhoVELa3YhExLIEuxq","OTF MACHIDA","NEW_LOCATION_NEEDS_REVIEW","","","","missing","OTF MACHIDA","194-0022, Machida-shi, Morino 1-19-20, Odakyu Bus Machida Bldg. B1F","194-0022","","Machida-shi","source_only","35.5445815","139.4448196","medium","NEW_BRAND_CANDIDATE","","Orangetheory Fitness","orangetheory-fitness","","","fail-closed-source-review","HYROX governing-body Training Finder record has a stable HGY identity","Facility official website is missing from the governing-body record","HYROX governing-body Training Finder","true"
"HGY_LofMB67LwXKWbb4m2xQmqsqMD","OTF URAWA","NEW_LOCATION_NEEDS_REVIEW","","","","missing","OTF URAWA","330-0062, saitama, nakamachi 1bankan 1F  urawaku nakachou 1-3-10","330-0062","埼玉県","saitama","source_only","35.8598225","139.6550075","medium","NEW_BRAND_CANDIDATE","","Orangetheory Fitness","orangetheory-fitness","","","fail-closed-source-review","HYROX governing-body Training Finder record has a stable HGY identity","Facility official website is missing from the governing-body record","HYROX governing-body Training Finder","true"
"HGY_GrguErmIvNituRVHMp4XMrzhZ","P.U LAB","NEW_LOCATION_NEEDS_REVIEW","","","","missing","P.U LAB","534-0025, 大阪市都島区, 片町2-6-11-602","534-0025","","大阪市都島区","source_only","34.6959761","135.5311486","medium","INDEPENDENT_FACILITY","","P.U LAB","p-u-lab","","","fail-closed-source-review","HYROX governing-body Training Finder record has a stable HGY identity","Facility official website is missing from the governing-body record","HYROX governing-body Training Finder","true"
"HGY_vKVViER7spGFVzDED6QfEMuP5","PATRIOT MOTION CLUB","NEW_LOCATION_NEEDS_REVIEW","","","","missing","PATRIOT MOTION CLUB","311-3115, Ibaraki-machi, Higashiibaraki-gun, Ibaraki, 1680-6 Maeda","311-3115","茨城県","Ibaraki-machi, Higashiibaraki-gun, Ibaraki","source_only","36.312346","140.4377523","medium","INDEPENDENT_FACILITY","","PATRIOT MOTION CLUB","patriot-motion-club","","","fail-closed-source-review","HYROX governing-body Training Finder record has a stable HGY identity","Facility official website is missing from the governing-body record","HYROX governing-body Training Finder","true"
"HGY_9IKMUsTNBlBvTvkWFddMxqsEg","Personalgym VITA","NEW_LOCATION_NEEDS_REVIEW","","","https://vita-e.jp/","verified","Personalgym VITA","4440858, Okazaki-shi, 2F,2-7-16,kamimutsuna","4440858","","Okazaki-shi","source_only","34.9499922","137.1544904","high","INDEPENDENT_FACILITY","","Personalgym VITA","personalgym-vita","","","fail-closed-source-review","HYROX governing-body Training Finder record has a stable HGY identity","Postal authority did not resolve prefecture and city","HYROX governing-body Training Finder | facility official website","true"
"HGY_XPZszMzcdWvhZx9ZIXD5Qlcvg","Port Tower CrossFit","NEW_LOCATION_NEEDS_REVIEW","","","porttowercrossfit.com","noncanonical","Port Tower CrossFit","650-0003, Kobe, 6-chōme-1 Warizukadōri, Chuo-Ku","650-0003","兵庫県","神戸市中央区","postal_authority_resolved","34.703917","135.208011","medium","INDEPENDENT_FACILITY","","Port Tower CrossFit","port-tower-crossfit","","","fail-closed-source-review","HYROX governing-body Training Finder record has a stable HGY identity","Only a social, booking, or hosted landing-page URL is available","HYROX governing-body Training Finder | postal address lookup","true"
"HGY_lpqlTA67YHaPgwogB58Qkb8tz","POTRERO","NEW_LOCATION_NEEDS_REVIEW","","","https://www.instagram.com/potrero202310/","noncanonical","POTRERO","185-0012, 東京都, 国分寺市本町2-15-7","185-0012","東京都","東京都","source_only","35.702117","139.4822642","medium","INDEPENDENT_FACILITY","","POTRERO","potrero","","","fail-closed-source-review","HYROX governing-body Training Finder record has a stable HGY identity","Only a social, booking, or hosted landing-page URL is available","HYROX governing-body Training Finder | facility official website","true"
"HGY_P4QYjZgyjnKMV2GYc2blZggsY","Red Circle Crossfit Nakagawa","NEW_LOCATION_NEEDS_REVIEW","","","https://www.instagram.com/redcircle_crossfit?igsh=MW9zam8zeWk2NWxpZQ%3D%3D&utm_source=qr","noncanonical","Red Circle Crossfit Nakagawa","2240001, Kanagawa, 2-6-23 Nakagawa, Tsuzuki ku , Yokohama","2240001","神奈川県","Kanagawa","source_only","35.5561195","139.575747","medium","INDEPENDENT_FACILITY","","Red Circle Crossfit Nakagawa","red-circle-crossfit-nakagawa","","","fail-closed-source-review","HYROX governing-body Training Finder record has a stable HGY identity","Only a social, booking, or hosted landing-page URL is available","HYROX governing-body Training Finder | facility official website","true"
"HGY_cBVz2QE1ud5Vy3MNNptUi0O9o","Redmond","NEW_LOCATION_NEEDS_REVIEW","","","","missing","Redmond","2380021, kanagawa, yokosuka, 2-24-3 fujimicho","2380021","神奈川県","yokosuka","source_only","35.2675558","139.6751044","medium","INDEPENDENT_FACILITY","","Redmond","redmond","","","fail-closed-source-review","HYROX governing-body Training Finder record has a stable HGY identity","Facility official website is missing from the governing-body record","HYROX governing-body Training Finder","true"
"HGY_TQyqCRau2ADAlC7BAIIgG950M","rentalgym BTB","NON_STANDARD_LOCATION","","","https://www.btbgym.com/","insufficient_identity_evidence","rentalgym BTB","210-0023, 神奈川県, 川崎市, 18-13 小川町, 川崎区","210-0023","神奈川県","川崎市","source_only","35.5259685","139.6967799","medium","INDEPENDENT_FACILITY","","rentalgym BTB","rentalgym-btb","","","non-standard-entity-name","HYROX governing-body Training Finder record has a stable HGY identity","Entity appears to be a rental, virtual, or event-only operation","HYROX governing-body Training Finder | facility official website","true"
"HGY_1kQTLdyeblDc6Nbt13qiH5oib","RESTORE BASE","NEW_LOCATION_NEEDS_REVIEW","","","https://restorebase.jp/","verified","RESTORE BASE","2310806, Yokohama, Naka-ward honmoku 2-325","2310806","","Yokohama","source_only","35.4299757","139.6611923","high","INDEPENDENT_FACILITY","","RESTORE BASE","restore-base","","","fail-closed-source-review","HYROX governing-body Training Finder record has a stable HGY identity","Postal authority did not resolve prefecture and city","HYROX governing-body Training Finder | facility official website","true"
"HGY_38HM0vs5mKnIfKg8sHrNzl2KU","ReXeR Osaka","NEW_LOCATION_NEEDS_REVIEW","","","https://rexer.style/","unavailable","ReXeR Osaka","5410051, Osaka, B1,1F,EDGE Bingomachi,Chuo Ward,Osaka","5410051","大阪府","Osaka","source_only","34.6850975","135.5047186","medium","NEW_BRAND_CANDIDATE","","ReXeR","rexer","","","fail-closed-source-review","HYROX governing-body Training Finder record has a stable HGY identity","Facility official website could not be verified live","HYROX governing-body Training Finder","true"
"HGY_sIzr19G0LhmZpHzUhEJpv2QLx","ReXeR Tokyo","NEW_LOCATION_NEEDS_REVIEW","","","https://rexer-tokyo.style/","unavailable","ReXeR Tokyo","1070062, Tokyo, 2-14-14 Minami-Aoyama, Minato-ku","1070062","東京都","Tokyo","source_only","35.6700211","139.7208252","medium","NEW_BRAND_CANDIDATE","","ReXeR","rexer","","","fail-closed-source-review","HYROX governing-body Training Finder record has a stable HGY identity","Facility official website could not be verified live","HYROX governing-body Training Finder","true"
"HGY_a672D4AVpogVam9W86vDdYGuj","RLIGHT24 HYROX部","NEW_LOCATION_NEEDS_REVIEW","","","https://www.instagram.com/hyrox_tokushima/","noncanonical","RLIGHT24 HYROX部","7700023, 徳島市, 佐古三番町15-22","7700023","徳島県","徳島市","postal_authority_resolved","34.0799534","134.5369498","medium","INDEPENDENT_FACILITY","","RLIGHT24 HYROX部","rlight24-hyrox","","","fail-closed-source-review","HYROX governing-body Training Finder record has a stable HGY identity","Only a social, booking, or hosted landing-page URL is available","HYROX governing-body Training Finder | facility official website | postal address lookup","true"
"HGY_6okPO396AJbISj7LTMTlrkEPD","SamiFitness","NEW_LOCATION_NEEDS_REVIEW","","","https://www.samifitnesstokyo.com/","verified","SamiFitness","1060047, Tokyo, Minami Azabu 5-2-9","1060047","東京都","Tokyo","source_only","35.6551108","139.7248078","medium","INDEPENDENT_FACILITY","","SamiFitness","samifitness","","","fail-closed-source-review","HYROX governing-body Training Finder record has a stable HGY identity","Postal authority did not resolve prefecture and city","HYROX governing-body Training Finder | facility official website","true"
"HGY_x5BzXBk4iDcdWkMsTrZyZ2l4f","Shoji Ueda　GYM  dammy","NEW_LOCATION_NEEDS_REVIEW","","","","missing","Shoji Ueda　GYM  dammy","2510037, fujisawa, kugenuma7","2510037","","fujisawa","source_only","35.3192618","139.468211","medium","INDEPENDENT_FACILITY","","Shoji Ueda　GYM  dammy","shoji-ueda-gym-dammy","","","fail-closed-source-review","HYROX governing-body Training Finder record has a stable HGY identity","Facility official website is missing from the governing-body record","HYROX governing-body Training Finder","true"
"HGY_ieFxGEcXDTIJbIkfnlyMiXSkG","Square fitness kasumigaseki.S","NEW_LOCATION_NEEDS_REVIEW","","","","missing","Square fitness kasumigaseki.S","3501103, Saitama, 1-3-8 Kasumigaseki Higashi Kawagoe-shi, Saitama","3501103","埼玉県","Saitama","source_only","35.9245263","139.4417717","medium","INDEPENDENT_FACILITY","","Square fitness kasumigaseki.S","square-fitness-kasumigaseki-s","","","fail-closed-source-review","HYROX governing-body Training Finder record has a stable HGY identity","Facility official website is missing from the governing-body record","HYROX governing-body Training Finder","true"
"HGY_gdqY3Z5sigmQLLGmSGbjG26sR","STANCE FITNESS ２ND","NEW_LOCATION_READY","","","https://stance-design.jp/","verified","STANCE FITNESS ２ND","6008387, 京 都 市, 下 京 区 高 辻 大 宮 町 1 0 3 大 宮 高 辻 ビ ル 2 階","6008387","京都府","京都市下京区","postal_authority_resolved","35.0001186","135.7491414","high","NEW_BRAND_CANDIDATE","","STANCE FITNESS","stance-fitness","stance-fitness-2nd","fitness_studio","official-site-postal-identity","HYROX governing-body Training Finder record has a stable HGY identity | Facility official website confirms the facility identity and address signal | Postal authority resolves prefecture and city","","HYROX governing-body Training Finder | facility official website | postal address lookup","false"
"HGY_VtlzLZmJraDc0Q1rWUvkktOkD","SureGym（シュアジム）君津店","NEW_LOCATION_NEEDS_REVIEW","","","","missing","SureGym（シュアジム）君津店","299-1151, Chiba, 3-10-16 Nakano, Kimitsu-shi","299-1151","千葉県","Chiba","source_only","35.3308826","139.890779","medium","INDEPENDENT_FACILITY","","SureGym（シュアジム）君津店","suregym","","","fail-closed-source-review","HYROX governing-body Training Finder record has a stable HGY identity","Facility official website is missing from the governing-body record","HYROX governing-body Training Finder","true"
"HGY_c816ru6QeTv14At3O51pjK8au","Takamatsu CrossFit","NEW_LOCATION_READY","","","https://takamatsu-crossfit.jp/","verified","Takamatsu CrossFit","7618056, 高松市, 上天神町634","7618056","香川県","高松市","postal_authority_resolved","34.3111792","134.0363775","high","INDEPENDENT_FACILITY","","Takamatsu CrossFit","takamatsu-crossfit","takamatsu-crossfit","fitness_studio","official-site-postal-identity","HYROX governing-body Training Finder record has a stable HGY identity | Facility official website confirms the facility identity and address signal | Postal authority resolves prefecture and city","","HYROX governing-body Training Finder | facility official website | postal address lookup","false"
"HGY_LUMiZByOSjT9LQQgyPQdvMSCE","THE PICKLE BANG THEORY","NEW_LOCATION_NEEDS_REVIEW","","","https://www.thepicklebang.com/","verified","THE PICKLE BANG THEORY","272-0021, Ichikawa, 八幡2-16-6 6F","272-0021","","Ichikawa","source_only","35.7215231","139.9267398","high","INDEPENDENT_FACILITY","","THE PICKLE BANG THEORY","the-pickle-bang-theory","","","fail-closed-source-review","HYROX governing-body Training Finder record has a stable HGY identity","Postal authority did not resolve prefecture and city","HYROX governing-body Training Finder | facility official website","true"
"HGY_uKdKtwcICbq2c8iwKmwqdpxhJ","THEパーソナルトレーニング新潟","NEW_LOCATION_NEEDS_REVIEW","","","","missing","THEパーソナルトレーニング新潟","9500912, 新潟市, 中央区南笹口1-9-29","9500912","新潟県","新潟市中央区","postal_authority_resolved","37.9098265","139.0672611","medium","INDEPENDENT_FACILITY","","THEパーソナルトレーニング新潟","the","","","fail-closed-source-review","HYROX governing-body Training Finder record has a stable HGY identity","Facility official website is missing from the governing-body record","HYROX governing-body Training Finder | postal address lookup","true"
"HGY_AHoCtS3to66qSTwkomuID9Bf3","TLS FITNESS KAMIITABASHI","NEW_LOCATION_NEEDS_REVIEW","","","","missing","TLS FITNESS KAMIITABASHI","174-0076, Itabashi Ward, Tokyo, 2-31-11-2F, Kamiitabashi","174-0076","東京都","Itabashi Ward, Tokyo","source_only","35.7625383","139.6751574","medium","INDEPENDENT_FACILITY","","TLS FITNESS KAMIITABASHI","tls-fitness-kamiitabashi","","","fail-closed-source-review","HYROX governing-body Training Finder record has a stable HGY identity","Facility official website is missing from the governing-body record","HYROX governing-body Training Finder","true"
"HGY_69jFpAIGuEf6xNAHdTpSEBIwR","TLS FITNESS MUSASHISEKI","NEW_LOCATION_NEEDS_REVIEW","","","https://www.instagram.com/tlsfitnesshyroxtrainingclub/","noncanonical","TLS FITNESS MUSASHISEKI","177-0051, Nerima Ward, 2-29-9-2F, Sekimachikita","177-0051","","Nerima Ward","source_only","35.7274851","139.5760309","medium","INDEPENDENT_FACILITY","","TLS FITNESS MUSASHISEKI","tls-fitness-musashiseki","","","fail-closed-source-review","HYROX governing-body Training Finder record has a stable HGY identity","Only a social, booking, or hosted landing-page URL is available","HYROX governing-body Training Finder | facility official website","true"
"HGY_BxeyXbrPQJ0gqrRx5fQBEe5hC","TLS FITNESS NAGAHARA","NEW_LOCATION_NEEDS_REVIEW","","","","missing","TLS FITNESS NAGAHARA","145-0064, Ota City, 1-11-2, Kamiikedai","145-0064","","Ota City","source_only","35.6022617","139.6974101","medium","INDEPENDENT_FACILITY","","TLS FITNESS NAGAHARA","tls-fitness-nagahara","","","fail-closed-source-review","HYROX governing-body Training Finder record has a stable HGY identity","Facility official website is missing from the governing-body record","HYROX governing-body Training Finder","true"
"HGY_tttU7yUgXd0aaJHOjKg5BCkSn","TOMMY WORKOUT GYM","NEW_LOCATION_NEEDS_REVIEW","","","https://tommyworkout.com/","insufficient_identity_evidence","TOMMY WORKOUT GYM","1530064, Tokyo, 3-4-2 Shimomeguro, Meguro-ku,","1530064","東京都","Tokyo","source_only","35.6309342","139.7092413","medium","INDEPENDENT_FACILITY","","TOMMY WORKOUT GYM","tommy-workout-gym","","","fail-closed-source-review","HYROX governing-body Training Finder record has a stable HGY identity","Official website did not expose enough name/address evidence for deterministic identity","HYROX governing-body Training Finder | facility official website","true"
"HGY_vxpsLHHaOUkkrFxB7welZply6","TRANSIT GYM","NEW_LOCATION_NEEDS_REVIEW","","","https://www.instagram.com/transitgym_shonan?igsh=dmZ2dmp2cWd1b3Jj&utm_source=qr","noncanonical","TRANSIT GYM","251-0032, Fujisawa, Katase,2-16-21","251-0032","","Fujisawa","source_only","35.3172623","139.4858351","medium","INDEPENDENT_FACILITY","","TRANSIT GYM","transit-gym","","","fail-closed-source-review","HYROX governing-body Training Finder record has a stable HGY identity","Only a social, booking, or hosted landing-page URL is available","HYROX governing-body Training Finder | facility official website","true"
"HGY_oDeEhxzojI1lC8iPahxfmqnB3","Triangle Co., Ltd.","NEW_LOCATION_NEEDS_REVIEW","","","","missing","Triangle Co., Ltd.","558-0043, Osaka Prefecture, Osaka City, Sumie 2-chome 1-4","558-0043","大阪府","Osaka City","source_only","34.6091287","135.4966636","medium","INDEPENDENT_FACILITY","","Triangle Co., Ltd.","triangle-co-ltd","","","fail-closed-source-review","HYROX governing-body Training Finder record has a stable HGY identity","Facility official website is missing from the governing-body record","HYROX governing-body Training Finder","true"
"HGY_In33itcmu8v93rkwKZy42O3U6","TRIVE","NEW_LOCATION_NEEDS_REVIEW","","","","missing","TRIVE","5410056, 大阪市中央区, 久太郎町3-4-23 林和ビル5F","5410056","","大阪市中央区","source_only","34.6815026","135.5016961","medium","INDEPENDENT_FACILITY","","TRIVE","trive","","","fail-closed-source-review","HYROX governing-body Training Finder record has a stable HGY identity","Facility official website is missing from the governing-body record","HYROX governing-body Training Finder","true"
"HGY_XsJSB4jNTUfR4otyZrmg22J81","TrueFitness 吹田 HYROX","NEW_LOCATION_NEEDS_REVIEW","","","","missing","TrueFitness 吹田 HYROX","5640027, Suita-shi , Osaka, 2F, Suita SANKUSU No.2 Building, 2-101 Asahi-cho","5640027","大阪府","Suita-shi , Osaka","source_only","34.7630980514236","135.52542306751053","medium","INDEPENDENT_FACILITY","","TrueFitness 吹田 HYROX","truefitness-hyrox","","","fail-closed-source-review","HYROX governing-body Training Finder record has a stable HGY identity","Facility official website is missing from the governing-body record","HYROX governing-body Training Finder","true"
"HGY_az9UDrEFxvUWQKCA02UiR5GVY","UBX Aobadai","NEW_LOCATION_NEEDS_REVIEW","","","","missing","UBX Aobadai","2270062, Yokohama, Hikobe Building 1F, 1-29-1 Aobadai, Aoba-ku,","2270062","","Yokohama","source_only","35.5489624","139.5165005","medium","NEW_BRAND_CANDIDATE","","UBX","ubx","","","fail-closed-source-review","HYROX governing-body Training Finder record has a stable HGY identity","Facility official website is missing from the governing-body record","HYROX governing-body Training Finder","true"
"HGY_yeaRUcBgLaGGSgJ0FWDMnVgd8","UBX Chuorinkan","NEW_LOCATION_NEEDS_REVIEW","","","","missing","UBX Chuorinkan","2420007, Yamato-shi, Kanagawa, LAPLA Chuo-Rinkan 2F, 8-25-8 Chuo-Rinkan","2420007","神奈川県","Yamato-shi, Kanagawa","source_only","35.5092715","139.4490642","medium","NEW_BRAND_CANDIDATE","","UBX","ubx","","","fail-closed-source-review","HYROX governing-body Training Finder record has a stable HGY identity","Facility official website is missing from the governing-body record","HYROX governing-body Training Finder","true"
"HGY_4wRU1wOwpCjXj6RwKZq46kVfA","UBX Gakugeidaigaku","NEW_LOCATION_NEEDS_REVIEW","","","","missing","UBX Gakugeidaigaku","1520004, Meguro-ku, Tokyo, Mansion Takaban BF, 2-4-7 Takaban","1520004","東京都","Meguro-ku, Tokyo","source_only","35.6288146","139.6894208","medium","NEW_BRAND_CANDIDATE","","UBX","ubx","","","fail-closed-source-review","HYROX governing-body Training Finder record has a stable HGY identity","Facility official website is missing from the governing-body record","HYROX governing-body Training Finder","true"
"HGY_nrmk6sTnBrGkV8zdarIrCOxa6","UBX Nishikasai","NEW_LOCATION_NEEDS_REVIEW","","","","missing","UBX Nishikasai","1340088, Edogawa-ku, Tokyo, COCO House Nishikasai 2F, 5-1-11 Nishikasai","1340088","東京都","Edogawa-ku, Tokyo","source_only","35.665312","139.8595176","medium","NEW_BRAND_CANDIDATE","","UBX","ubx","","","fail-closed-source-review","HYROX governing-body Training Finder record has a stable HGY identity","Facility official website is missing from the governing-body record","HYROX governing-body Training Finder","true"
"HGY_NGStYUdZn1ur6ZXx2gNf1MPCo","UFC Gym Ogikubo","NEW_LOCATION_NEEDS_REVIEW","","","","missing","UFC Gym Ogikubo","167-0051, 杉並区, 荻窪5-20-5 B1","167-0051","","杉並区","source_only","35.7025804","139.6199521","medium","NEW_BRAND_CANDIDATE","","UFC GYM","ufc-gym","","","fail-closed-source-review","HYROX governing-body Training Finder record has a stable HGY identity","Facility official website is missing from the governing-body record","HYROX governing-body Training Finder","true"
"HGY_e0rqkrg7L4ataPZD4gGoOL0W9","UFC Gym YOGA","NEW_LOCATION_NEEDS_REVIEW","","","","missing","UFC Gym YOGA","158-0096, Tokyo, Setagaya Tamagawadai 2-22-20","158-0096","東京都","Tokyo","source_only","35.6248625","139.6325772","medium","NEW_BRAND_CANDIDATE","","UFC GYM","ufc-gym","","","fail-closed-source-review","HYROX governing-body Training Finder record has a stable HGY identity","Facility official website is missing from the governing-body record","HYROX governing-body Training Finder","true"
"HGY_EixPsvYrIifAztmXBj8p1XAyw","Urban Heroes Tokyo","NEW_LOCATION_NEEDS_REVIEW","","","Urbanheroestokyo.com","noncanonical","Urban Heroes Tokyo","1060031, Minatoku, 3-5-35 Nishiazabu #403","1060031","","Minatoku","source_only","35.656815","139.7260442","medium","INDEPENDENT_FACILITY","","Urban Heroes Tokyo","urban-heroes-tokyo","","","fail-closed-source-review","HYROX governing-body Training Finder record has a stable HGY identity","Only a social, booking, or hosted landing-page URL is available","HYROX governing-body Training Finder","true"
"HGY_CKpn4DHneWfrqTUVaA7D5Whop","VAMOS","NEW_LOCATION_NEEDS_REVIEW","","","https://vamos-training.com/ja","verified","VAMOS","1500011, 3-20-2 KIビル, Tokyo Shibuya-ku Higashi","1500011","東京都","3-20-2 KIビル","source_only","35.65026200000001","139.7089814","high","INDEPENDENT_FACILITY","","VAMOS","vamos","","","fail-closed-source-review","HYROX governing-body Training Finder record has a stable HGY identity","Postal authority did not resolve prefecture and city","HYROX governing-body Training Finder | facility official website","true"
"HGY_HyOiWuqQnPyPOR4J3eI86EztG","VAMOS FIELD KamiIkebukuro","NEW_LOCATION_NEEDS_REVIEW","","","","missing","VAMOS FIELD KamiIkebukuro","1700004, Toshimaku, 3-10-4 kita otsuka","1700004","","Toshimaku","source_only","35.7342878","139.7220283","medium","INDEPENDENT_FACILITY","","VAMOS FIELD KamiIkebukuro","vamos-field-kamiikebukuro","","","fail-closed-source-review","HYROX governing-body Training Finder record has a stable HGY identity","Facility official website is missing from the governing-body record","HYROX governing-body Training Finder","true"
"HGY_ZNrEPR3JKwl8MjuiitlbezA4t","WELL KNOT OSAKA","NEW_LOCATION_NEEDS_REVIEW","","","","missing","WELL KNOT OSAKA","5340025, Miyakojima-ku, Osaka-shi, 2-7-23 Katamachi","5340025","大阪府","Miyakojima-ku, Osaka-shi","source_only","34.6949506","135.5297484","medium","INDEPENDENT_FACILITY","","WELL KNOT OSAKA","well-knot-osaka","","","fail-closed-source-review","HYROX governing-body Training Finder record has a stable HGY identity","Facility official website is missing from the governing-body record","HYROX governing-body Training Finder","true"
"HGY_MFCsmHPD9dh968h6jJoJMVRcr","ＸＴＲＹ","NEW_LOCATION_READY","","","https://www.xtry.jp/","verified","ＸＴＲＹ","7000973, 岡山市, 岡山県岡山市北区下中野377-1","7000973","岡山県","岡山市北区","postal_authority_resolved","34.6383425","133.9051427","high","INDEPENDENT_FACILITY","","ＸＴＲＹ","xtry","xtry","fitness_studio","official-site-postal-identity","HYROX governing-body Training Finder record has a stable HGY identity | Facility official website confirms the facility identity and address signal | Postal authority resolves prefecture and city","","HYROX governing-body Training Finder | facility official website | postal address lookup","false"
"HGY_0PfI4t6UgVADRV7RfgXX48PR8","Yoshiyuki Hirano 善之 平野","NEW_LOCATION_NEEDS_REVIEW","","","https://www.field-gym.com/higashiosaka/","verified","Yoshiyuki Hirano 善之 平野","577-0002, osaka, higashiosakashi, 1-3-25, inadauemachi","577-0002","大阪府","higashiosakashi","source_only","34.692082","135.5818466","high","INDEPENDENT_FACILITY","","Yoshiyuki Hirano 善之 平野","yoshiyuki-hirano","","","fail-closed-source-review","HYROX governing-body Training Finder record has a stable HGY identity","Postal authority did not resolve prefecture and city","HYROX governing-body Training Finder | facility official website","true"
"HGY_XtsKlmBFCkXJcX8703QafobrI","Yunami Fitness","NEW_LOCATION_NEEDS_REVIEW","","","https://www.yunamifitness.com/","insufficient_identity_evidence","Yunami Fitness","1310031, Sumida-ku, 2-29-14, Sumida","1310031","","Sumida-ku","source_only","35.7288243","139.8180561","medium","INDEPENDENT_FACILITY","","Yunami Fitness","yunami-fitness","","","fail-closed-source-review","HYROX governing-body Training Finder record has a stable HGY identity","Official website did not expose enough name/address evidence for deterministic identity","HYROX governing-body Training Finder | facility official website","true"
"HGY_KqtNHNJuS9bxAfH4mTf5V0Ojz","ZENITH FITNESS","NEW_LOCATION_NEEDS_REVIEW","","","","missing","ZENITH FITNESS","3020006, Toride, 356-5 Aoyanagi","3020006","","Toride","source_only","35.8929164","140.0798161","medium","INDEPENDENT_FACILITY","","ZENITH FITNESS","zenith-fitness","","","fail-closed-source-review","HYROX governing-body Training Finder record has a stable HGY identity","Facility official website is missing from the governing-body record","HYROX governing-body Training Finder","true"
"HGY_fQVwlHEYY1obNCVUUJSvk4Efc","イージートゥアップ","NEW_LOCATION_NEEDS_REVIEW","","","","missing","イージートゥアップ","1-5-3 Zengenjicho, miyakojimaku, 2Fmiyoshibuilding","1-5-3 Zengenjicho","","miyakojimaku","source_only","34.711338","135.5250324","medium","BRAND_AMBIGUOUS","","","","","","fail-closed-source-review","HYROX governing-body Training Finder record has a stable HGY identity","Facility official website is missing from the governing-body record","HYROX governing-body Training Finder","true"
"HGY_w8bQvi3oZi0Uan43p91ImN3MP","エスティフィットネスクラブ","NEW_LOCATION_NEEDS_REVIEW","","","https://estyfitness.com/","verified","エスティフィットネスクラブ","4750021, 半田市, 州の崎町2丁目36番地","4750021","","半田市","source_only","34.9199122","136.9727719","high","BRAND_AMBIGUOUS","","","","","","fail-closed-source-review","HYROX governing-body Training Finder record has a stable HGY identity","Postal authority did not resolve prefecture and city","HYROX governing-body Training Finder | facility official website","true"
"HGY_hh8OAkaxSb7jABGYdA8MH6mgA","エニタイムフィットネス西町店","NEW_LOCATION_NEEDS_REVIEW","","","","missing","エニタイムフィットネス西町店","0630062, 札幌市, 西区西町南2-1-16","0630062","","札幌市","source_only","43.07721","141.2916096","medium","BRAND_AMBIGUOUS","","","","","","fail-closed-source-review","HYROX governing-body Training Finder record has a stable HGY identity","Facility official website is missing from the governing-body record","HYROX governing-body Training Finder","true"
"HGY_GUa4TuelZVO6XiKTfVGi9MmkF","オレンジセオリーフィットネス 八王子オーパ","NEW_LOCATION_NEEDS_REVIEW","","","https://www.orangetheoryfitness.co.jp/hachioji/","verified","オレンジセオリーフィットネス 八王子オーパ","192-0083, Hachioji, Hachioji OPA 6F, 1-12 Asahi-cho","192-0083","","Hachioji","source_only","35.6550919","139.3380743","medium","NEW_BRAND_CANDIDATE","","Orangetheory Fitness","orangetheory-fitness","","","fail-closed-source-review","HYROX governing-body Training Finder record has a stable HGY identity","Postal authority did not resolve prefecture and city","HYROX governing-body Training Finder | facility official website","true"
"HGY_B9sy6uIdHbgwEkUt5vKBAigMH","オレンジセオリーフィットネス下北沢","NEW_LOCATION_NEEDS_REVIEW","","","https://www.orangetheoryfitness.co.jp/shimokitazawa/","verified","オレンジセオリーフィットネス下北沢","155-0032, Setagaya, No.R Shimokitazawa B1F, 5-31-8 Daizawa","155-0032","","Setagaya","source_only","35.6586747","139.6675649","medium","NEW_BRAND_CANDIDATE","","Orangetheory Fitness","orangetheory-fitness","","","fail-closed-source-review","HYROX governing-body Training Finder record has a stable HGY identity","Postal authority did not resolve prefecture and city","HYROX governing-body Training Finder | facility official website","true"
"HGY_azt9tOadi7pmSggVQmQJ6hWZ3","オレンジセオリーフィットネス関内","NEW_LOCATION_NEEDS_REVIEW","","","https://www.orangetheoryfitness.co.jp/kannai/","insufficient_identity_evidence","オレンジセオリーフィットネス関内","231-0015, Yokohama, 4-52 Onoe-cho, Naka-ku","231-0015","","Yokohama","source_only","35.4457634","139.6358047","medium","NEW_BRAND_CANDIDATE","","Orangetheory Fitness","orangetheory-fitness","","","fail-closed-source-review","HYROX governing-body Training Finder record has a stable HGY identity","Official website did not expose enough name/address evidence for deterministic identity","HYROX governing-body Training Finder | facility official website","true"
"HGY_n4xTGpLhdouLv9TzuLk2J1OoV","オレンジセオリーフィットネス溝の口","NEW_LOCATION_NEEDS_REVIEW","","","https://www.orangetheoryfitness.co.jp/mizonokuchi/","verified","オレンジセオリーフィットネス溝の口","2130001, Kawasaki, 1-13-18-B1 Mizonokuchi, Takatsu","2130001","","Kawasaki","source_only","35.5996996","139.6146255","medium","NEW_BRAND_CANDIDATE","","Orangetheory Fitness","orangetheory-fitness","","","fail-closed-source-review","HYROX governing-body Training Finder record has a stable HGY identity","Postal authority did not resolve prefecture and city","HYROX governing-body Training Finder | facility official website","true"
"HGY_AoLBcMl9MBTosyMcyW5KxrTM4","オレンジセオリーフィットネス三鷹","NEW_LOCATION_NEEDS_REVIEW","","","https://www.orangetheoryfitness.co.jp/mitaka/","verified","オレンジセオリーフィットネス三鷹","181-0013, Mitaka, 2nd Ninotaka Bldg. 2F, 3-34-4 Shimorenjaku","181-0013","","Mitaka","source_only","35.7004412","139.5608489","medium","NEW_BRAND_CANDIDATE","","Orangetheory Fitness","orangetheory-fitness","","","fail-closed-source-review","HYROX governing-body Training Finder record has a stable HGY identity","Postal authority did not resolve prefecture and city","HYROX governing-body Training Finder | facility official website","true"
"HGY_Yvk64SmAD8pm5EDZ2m9rR02Cx","オレンジセオリーフィットネス自由が丘","NEW_LOCATION_NEEDS_REVIEW","","","https://www.orangetheoryfitness.co.jp/jiyugaoka/","verified","オレンジセオリーフィットネス自由が丘","1520035, Tokyo, 2-17-1-B1 Jiyugaoka, Meguro","1520035","東京都","Tokyo","source_only","35.610216","139.6669928","high","NEW_BRAND_CANDIDATE","","Orangetheory Fitness","orangetheory-fitness","","","fail-closed-source-review","HYROX governing-body Training Finder record has a stable HGY identity","Postal authority did not resolve prefecture and city","HYROX governing-body Training Finder | facility official website","true"
"HGY_Gytouu2Jl1EjSpgwMrT4tlmkc","オレンジセオリーフィットネス青葉台","NEW_LOCATION_NEEDS_REVIEW","","","https://www.orangetheoryfitness.co.jp/aobadai/","verified","オレンジセオリーフィットネス青葉台","2270062, Yokohama, 2-8-20-2F, Aobadai, Aoba","2270062","","Yokohama","source_only","35.5436262","139.5149577","medium","NEW_BRAND_CANDIDATE","","Orangetheory Fitness","orangetheory-fitness","","","fail-closed-source-review","HYROX governing-body Training Finder record has a stable HGY identity","Postal authority did not resolve prefecture and city","HYROX governing-body Training Finder | facility official website","true"
"HGY_THuICnaU3oVt3DAY6FgPgQspb","オレンジセオリーフィットネス池下","NEW_LOCATION_NEEDS_REVIEW","","","https://www.orangetheoryfitness.co.jp/nagoya-yagoto-ikeshita/","verified","オレンジセオリーフィットネス池下","4640841, Nagoya, 8-70-1 Kakuozantori, Chikusa","4640841","","Nagoya","source_only","35.1673225","136.9468931","medium","NEW_BRAND_CANDIDATE","","Orangetheory Fitness","orangetheory-fitness","","","fail-closed-source-review","HYROX governing-body Training Finder record has a stable HGY identity","Postal authority did not resolve prefecture and city","HYROX governing-body Training Finder | facility official website","true"
"HGY_fd08dzI687maGklD0PMhGHHZ7","オレンジセオリーフィットネス東久留米","NEW_LOCATION_NEEDS_REVIEW","","","https://www.orangetheoryfitness.co.jp/higashikurume/","verified","オレンジセオリーフィットネス東久留米","2030014, Higashikurume, 1-15-2F, HIgashi-honcho","2030014","","Higashikurume","source_only","35.7625971","139.5337272","medium","NEW_BRAND_CANDIDATE","","Orangetheory Fitness","orangetheory-fitness","","","fail-closed-source-review","HYROX governing-body Training Finder record has a stable HGY identity","Postal authority did not resolve prefecture and city","HYROX governing-body Training Finder | facility official website","true"
"HGY_DUga56vMn8fhpPz2dd0ZYSL8A","オレンジセオリーフィットネス八事","NEW_LOCATION_NEEDS_REVIEW","","","https://www.orangetheoryfitness.co.jp/nagoya-yagoto-ikeshita/","verified","オレンジセオリーフィットネス八事","4660834, Nagoya, 1-1 Umezono, Hiroji-cho, Showa-ku","4660834","","Nagoya","source_only","35.136032","136.9582388","medium","NEW_BRAND_CANDIDATE","","Orangetheory Fitness","orangetheory-fitness","","","fail-closed-source-review","HYROX governing-body Training Finder record has a stable HGY identity","Postal authority did not resolve prefecture and city","HYROX governing-body Training Finder | facility official website","true"
"HGY_kk6NqoZrMoGBicxYBwVJafaE2","オレンジセオリーフィットネス武蔵小金井","NEW_LOCATION_NEEDS_REVIEW","","","https://www.orangetheoryfitness.co.jp/musashikoganei/","verified","オレンジセオリーフィットネス武蔵小金井","1840004, Koganei, 6-2-30-3F Honcho","1840004","","Koganei","source_only","35.6991677","139.5054922","medium","NEW_BRAND_CANDIDATE","","Orangetheory Fitness","orangetheory-fitness","","","fail-closed-source-review","HYROX governing-body Training Finder record has a stable HGY identity","Postal authority did not resolve prefecture and city","HYROX governing-body Training Finder | facility official website","true"
"HGY_i25m4SPcDFBD8fDB1UFmCNZvP","オレンジセオリーフィットネス本八幡","NEW_LOCATION_NEEDS_REVIEW","","","https://www.orangetheoryfitness.co.jp/motoyawata/","verified","オレンジセオリーフィットネス本八幡","272-0021, Ichikawa-shi, 2-5-8-2F, Yawata","272-0021","","Ichikawa-shi","source_only","35.7227194","139.9267063","medium","NEW_BRAND_CANDIDATE","","Orangetheory Fitness","orangetheory-fitness","","","fail-closed-source-review","HYROX governing-body Training Finder record has a stable HGY identity","Postal authority did not resolve prefecture and city","HYROX governing-body Training Finder | facility official website","true"
"HGY_MBiqaWicnf0xZ4Ftz9b8aMRTE","オレンジセオリーフィットネス麻布十番","NEW_LOCATION_NEEDS_REVIEW","","","https://www.orangetheoryfitness.co.jp/azabujuban/","verified","オレンジセオリーフィットネス麻布十番","106-0045, Minato City, 1-7-5-B2 Azabujuban, Minato-ku","106-0045","","Minato City","source_only","35.6564502","139.7348508","medium","NEW_BRAND_CANDIDATE","","Orangetheory Fitness","orangetheory-fitness","","","fail-closed-source-review","HYROX governing-body Training Finder record has a stable HGY identity","Postal authority did not resolve prefecture and city","HYROX governing-body Training Finder | facility official website","true"
"HGY_hxrks6HbdDFZBBpodBKZJ7Gb4","きん肉こまつ","NEW_LOCATION_NEEDS_REVIEW","","","","missing","きん肉こまつ","5998236, 大阪府堺市中区, 深井沢町307-9","5998236","大阪府","堺市中区","postal_authority_resolved","34.5286712","135.5029852","medium","BRAND_AMBIGUOUS","","","","","","fail-closed-source-review","HYROX governing-body Training Finder record has a stable HGY identity","Facility official website is missing from the governing-body record","HYROX governing-body Training Finder | postal address lookup","true"
"HGY_diFBy7oXAn6GUnOvyW556WTVW","ジムフィールド堺東スタジオ","NEW_LOCATION_NEEDS_REVIEW","","","https://www.gym-field.com/sakaihigashi/hyrox/","insufficient_identity_evidence","ジムフィールド堺東スタジオ","590-0076, sakai, El Place Sakaihigashi 4F,2-1-9 Kitakawaramachi,Sakai-ku","590-0076","大阪府","堺市堺区","postal_authority_resolved","34.5753661","135.4837233","medium","BRAND_AMBIGUOUS","","","","","","fail-closed-source-review","HYROX governing-body Training Finder record has a stable HGY identity","Official website did not expose enough name/address evidence for deterministic identity","HYROX governing-body Training Finder | facility official website | postal address lookup","true"
"HGY_8sKmKHEiaR8tARb6zZUUbaYjU","ジムフィールド所沢スタジオ","NEW_LOCATION_NEEDS_REVIEW","","","","missing","ジムフィールド所沢スタジオ","3590023, 所沢市, 東所沢和田３丁目３１−３","3590023","","所沢市","source_only","35.7970394","139.5070773","medium","BRAND_AMBIGUOUS","","","","","","fail-closed-source-review","HYROX governing-body Training Finder record has a stable HGY identity","Facility official website is missing from the governing-body record","HYROX governing-body Training Finder","true"
"HGY_KaZs1vtKjZL5y93x84bg7nOEf","ジムフィールド梅田スタジオ","NEW_LOCATION_NEEDS_REVIEW","","","https://www.gym-field.com/","verified","ジムフィールド梅田スタジオ","553-0003, Osaka, 福島区福島6-17-5","553-0003","大阪府","Osaka","source_only","34.700488","135.489267","high","BRAND_AMBIGUOUS","","","","","","fail-closed-source-review","HYROX governing-body Training Finder record has a stable HGY identity","Postal authority did not resolve prefecture and city","HYROX governing-body Training Finder | facility official website","true"
"HGY_HxEZO63b6wj0lpmQE74SHJiW7","ジムフィールド豊中スタジオ","NEW_LOCATION_NEEDS_REVIEW","","","","missing","ジムフィールド豊中スタジオ","5610807, 大阪府豊中市, 原田中1－9－7","5610807","大阪府","大阪府豊中市","source_only","34.7711463","135.4586142","medium","BRAND_AMBIGUOUS","","","","","","fail-closed-source-review","HYROX governing-body Training Finder record has a stable HGY identity","Facility official website is missing from the governing-body record","HYROX governing-body Training Finder","true"
"HGY_QFXRcpJLiJTC7URRjjI95KhmK","セミパーソナルジムLAULE'A50Fitness 天満橋店","NEW_LOCATION_NEEDS_REVIEW","","","","missing","セミパーソナルジムLAULE'A50Fitness 天満橋店","5400008, 大阪市, 大阪府大阪市中央区大手前１丁目４−２ 都住創大手前 1階","5400008","大阪府","大阪市","source_only","34.69026270000001","135.5201458","medium","INDEPENDENT_FACILITY","","セミパーソナルジムLAULE'A50Fitness 天満橋店","laulea50fitness","","","fail-closed-source-review","HYROX governing-body Training Finder record has a stable HGY identity","Facility official website is missing from the governing-body record","HYROX governing-body Training Finder","true"
"HGY_OU7kGXxVCornn7wzKRPPXbxCF","セミパーソナルジムLAULE'A50Fitness 本町店","NEW_LOCATION_NEEDS_REVIEW","","","","missing","セミパーソナルジムLAULE'A50Fitness 本町店","541-0054, 大阪市, 大阪府大阪市中央区南本町3丁目3-17 丸松ビル5階","541-0054","大阪府","大阪市","source_only","34.682578","135.5016602","medium","INDEPENDENT_FACILITY","","セミパーソナルジムLAULE'A50Fitness 本町店","laulea50fitness","","","fail-closed-source-review","HYROX governing-body Training Finder record has a stable HGY identity","Facility official website is missing from the governing-body record","HYROX governing-body Training Finder","true"
"HGY_f8sZVaVktoc9eBl6vRaTzBDWe","パーソナルジムハクト","NEW_LOCATION_NEEDS_REVIEW","","","https://hackt-upsetworkout.com/","verified","パーソナルジムハクト","2320027, Yokohama,Kanagawa, #102,2-4-27 Shinkawacho,Minamiku","2320027","神奈川県","Yokohama,Kanagawa","source_only","35.435488","139.6212877","high","BRAND_AMBIGUOUS","","","","","","fail-closed-source-review","HYROX governing-body Training Finder record has a stable HGY identity","Postal authority did not resolve prefecture and city","HYROX governing-body Training Finder | facility official website","true"
"HGY_I5QXnm7FEYFTEAvXmWjgmeNA3","ハイアルチ下北沢スタジオ","NEW_LOCATION_NEEDS_REVIEW","","","","missing","ハイアルチ下北沢スタジオ","1550033, Tokyo, 1F, TOKYU REIT Shimokitazawa square, 6-6-1 Daita, Setagaya-ku,","1550033","東京都","Tokyo","source_only","35.6634077","139.6653294","medium","BRAND_AMBIGUOUS","","","","","","fail-closed-source-review","HYROX governing-body Training Finder record has a stable HGY identity","Facility official website is missing from the governing-body record","HYROX governing-body Training Finder","true"
"HGY_Em6Ykdm6hSAiCWilyjc9Wdiqk","株式会社INSPA","NEW_LOCATION_NEEDS_REVIEW","","","https://www.inspa.jp/","verified","株式会社INSPA","221-0054, 横浜市, 神奈川区山内町15-2","221-0054","","横浜市","source_only","35.4687914","139.6392231","medium","INDEPENDENT_FACILITY","","株式会社INSPA","inspa","","","fail-closed-source-review","HYROX governing-body Training Finder record has a stable HGY identity","Postal authority did not resolve prefecture and city","HYROX governing-body Training Finder | facility official website","true"
