"hgy_external_id","hyrox_official_name","original_blocker","facility_authority_url","postal_code","prefecture","city","canonical_name","matched_location_id","matched_location_slug","proposed_slug","final_classification","resolution_reason","unresolved_gaps"
"HGY_0PfI4t6UgVADRV7RfgXX48PR8","Yoshiyuki Hirano 善之 平野","POSTAL_AUTHORITY_GAP","https://www.field-gym.com/higashiosaka/","5770002","大阪府","東大阪市","Yoshiyuki Hirano 善之 平野","","","yoshiyuki-hirano-5770002","NEW_LOCATION_READY","Governing, facility, postal, coordinate, brand, and duplicate preconditions are complete",""
"HGY_1kQTLdyeblDc6Nbt13qiH5oib","RESTORE BASE","POSTAL_AUTHORITY_GAP","https://restorebase.jp/","2310806","神奈川県","横浜市中区","RESTORE BASE","","","restore-base-2310806","NEW_LOCATION_READY","Governing, facility, postal, coordinate, brand, and duplicate preconditions are complete",""
"HGY_38HM0vs5mKnIfKg8sHrNzl2KU","ReXeR Osaka","OFFICIAL_SITE_UNREACHABLE","https://rexer.style/","5410051","大阪府","大阪市中央区","ReXeR Osaka","","","","REMAINS_NEEDS_REVIEW","One or more required authority gates remain unresolved","facility identity/address not confirmed by strong first-party authority"
"HGY_4GF2DeDJoIzNRU4jn9scAv65V","CLUB 360","POSTAL_AUTHORITY_GAP","https://www.club360.jp/hyrox","1060046","東京都","港区","CLUB 360","","","club-360-1060046","NEW_LOCATION_READY","Governing, facility, postal, coordinate, brand, and duplicate preconditions are complete",""
"HGY_4Kx194vI1vYN16zNDOfdmVGfx","HYROX365 BC Michiko","MISSING_OFFICIAL_URL","","2160042","神奈川県","川崎市宮前区","HYROX365 BC Michiko","","","","REMAINS_NEEDS_REVIEW","One or more required authority gates remain unresolved","facility identity/address not confirmed by strong first-party authority; reliable facility-specific authority URL missing"
"HGY_4wRU1wOwpCjXj6RwKZq46kVfA","UBX Gakugeidaigaku","MISSING_OFFICIAL_URL","https://www.provanet.co.jp/business/ubx/","1520004","東京都","目黒区","UBX 学芸大学","","","ubx-1520004","NEW_LOCATION_READY","Official operating-company page identifies 学芸大学 and 鷹番2-4-7.",""
"HGY_4wzLJEobhMazi7FA0AThO0VCo","NIG Training Club","OFFICIAL_SITE_UNREACHABLE","https://hyrox.nigh.biz/","8800925","宮崎県","宮崎市","NIG Training Club","","","","REMAINS_NEEDS_REVIEW","One or more required authority gates remain unresolved","facility identity/address not confirmed by strong first-party authority"
"HGY_5aNZOChK8CavnIRpCdStNa0KU","CrossFit Uninterrupted Collective","IDENTITY_ADDRESS_INSUFFICIENT","https://www.crossfituninterrupted.com/","1580094","東京都","世田谷区","CrossFit Uninterrupted Collective","","","","REMAINS_NEEDS_REVIEW","One or more required authority gates remain unresolved","facility identity/address not confirmed by strong first-party authority"
"HGY_5Gn5GvfvOjcSrI8A5IoBZkV4I","HYX Gym NAGOYA","MISSING_OFFICIAL_URL","","4860967","愛知県","春日井市","HYX Gym NAGOYA","","","","REMAINS_NEEDS_REVIEW","One or more required authority gates remain unresolved","facility identity/address not confirmed by strong first-party authority; reliable facility-specific authority URL missing"
"HGY_69jFpAIGuEf6xNAHdTpSEBIwR","TLS FITNESS MUSASHISEKI","SOCIAL_BOOKING_HOSTED_ONLY","https://www.instagram.com/tlsfitnesshyroxtrainingclub/","1770051","東京都","練馬区","TLS FITNESS MUSASHISEKI","","","","REMAINS_NEEDS_REVIEW","One or more required authority gates remain unresolved","facility identity/address not confirmed by strong first-party authority"
"HGY_6lR3pcwsQaSGSlsQTdrNrO1jc","FITONE SHIBUYA","MISSING_OFFICIAL_URL","https://fitone-club.com/","1500011","東京都","渋谷区","FITONE SHIBUYA","","","fitone-shibuya-1500011","NEW_LOCATION_READY","Official facility site confirms FITONE SHIBUYA and 渋谷区東2-17-9.",""
"HGY_6okPO396AJbISj7LTMTlrkEPD","SamiFitness","POSTAL_AUTHORITY_GAP","https://samifitnesstokyo.com/","1060047","東京都","港区","SamiFitness","","","samifitness-1060047","NEW_LOCATION_READY","Governing, facility, postal, coordinate, brand, and duplicate preconditions are complete",""
"HGY_7FDA3W6p88v6evTHGBhfHFrvP","LUAANA CLUB","MISSING_OFFICIAL_URL","https://www.luaanaclub.com/","1460082","東京都","大田区","LUAANA CLUB 蒲田池上店","","","luaana-club-1460082","NEW_LOCATION_READY","Official facility site confirms 蒲田池上店 and 池上7-10-10.",""
"HGY_7MJZO3Hp7vJJplWi30g6yPwIZ","Good Habit daikanyama","POSTAL_AUTHORITY_GAP","https://g-habit.com/","1500033","東京都","渋谷区","Good Habit daikanyama","","","good-habit-daikanyama-1500033","NEW_LOCATION_READY","Governing, facility, postal, coordinate, brand, and duplicate preconditions are complete",""
"HGY_8H50Rl3LSNsoSHxOxOIoY5UYN","Beequick Fitness　Koshigaya","IDENTITY_ADDRESS_INSUFFICIENT","https://www.beequick.jp/location/koshigaya/","3430812","埼玉県","越谷市","Beequick Fitness　Koshigaya","","","","REMAINS_NEEDS_REVIEW","One or more required authority gates remain unresolved","facility identity/address not confirmed by strong first-party authority"
"HGY_8sKmKHEiaR8tARb6zZUUbaYjU","ジムフィールド所沢スタジオ","MISSING_OFFICIAL_URL","https://www.gym-field.com/studio/","3590023","埼玉県","所沢市","ジムフィールド 所沢スタジオ","","","hyrox-training-club-3590023","NEW_LOCATION_READY","The reviewed facility-specific URL is retired (direct HTTP 404); the current Gym Field first-party studio locator explicitly lists Tokorozawa Studio (HYROX) and the unchanged physical address.",""
"HGY_90X3Qce65u8nhankG8yTJUVfT","jirogym fitness studio","MISSING_OFFICIAL_URL","","1410031","東京都","品川区","jirogym fitness studio","","","","REMAINS_NEEDS_REVIEW","One or more required authority gates remain unresolved","facility identity/address not confirmed by strong first-party authority; reliable facility-specific authority URL missing"
"HGY_9IKMUsTNBlBvTvkWFddMxqsEg","Personalgym VITA","POSTAL_AUTHORITY_GAP","https://vita-e.jp/","4440858","愛知県","岡崎市","Personalgym VITA","","","personalgym-vita-4440858","NEW_LOCATION_READY","Governing, facility, postal, coordinate, brand, and duplicate preconditions are complete",""
"HGY_9j7tOa1tFNd8qcCG1Wyo5FzJ6","FORGE","MISSING_OFFICIAL_URL","","4380071","静岡県","磐田市","FORGE","","","","REMAINS_NEEDS_REVIEW","One or more required authority gates remain unresolved","facility identity/address not confirmed by strong first-party authority; reliable facility-specific authority URL missing"
"HGY_9poyQWuldcVuaHADNMHWTPRfQ","CrossFit Machiya","MISSING_OFFICIAL_URL","https://www.crossfitmachiya.com/","1160002","東京都","荒川区","CrossFit Machiya","","","crossfit-machiya-1160002","NEW_LOCATION_READY","Official facility site confirms CrossFit Machiya and 荒川6-6-1.",""
"HGY_a672D4AVpogVam9W86vDdYGuj","RLIGHT24 HYROX部","SOCIAL_BOOKING_HOSTED_ONLY","https://www.instagram.com/hyrox_tokushima/","7700023","徳島県","徳島市","RLIGHT24 HYROX部","","","","REMAINS_NEEDS_REVIEW","One or more required authority gates remain unresolved","facility identity/address not confirmed by strong first-party authority"
"HGY_A6L66KJGjc8HfLRFmuyJgBMyQ","BEYOND浜松店","MISSING_OFFICIAL_URL","https://beyond-gym.com/gym/gym-hamamatsu/","4300924","静岡県","浜松市中央区","BEYOND 浜松店","","","beyond-4300924","NEW_LOCATION_READY","Official branch page confirms 浜松店 and 龍禅寺町74-1.",""
"HGY_AcmNmQZowUS3ehpJBjGOvQgRe","FANTREPOT","IDENTITY_ADDRESS_INSUFFICIENT","https://fantrepot-fitness.com/HYROX/","0640805","北海道","札幌市中央区","FANTREPOT","","","","REMAINS_NEEDS_REVIEW","One or more required authority gates remain unresolved","facility identity/address not confirmed by strong first-party authority"
"HGY_AHoCtS3to66qSTwkomuID9Bf3","TLS FITNESS KAMIITABASHI","MISSING_OFFICIAL_URL","","1740076","東京都","板橋区","TLS FITNESS KAMIITABASHI","","","","REMAINS_NEEDS_REVIEW","One or more required authority gates remain unresolved","facility identity/address not confirmed by strong first-party authority; reliable facility-specific authority URL missing"
"HGY_AiNQvbz5TpUUyIPPCXIneECQU","LEAN BODY STORE","SOCIAL_BOOKING_HOSTED_ONLY","https://leanbodystore.my.canva.site/private-gym","5203015","滋賀県","栗東市","LEAN BODY STORE","","","","REMAINS_NEEDS_REVIEW","One or more required authority gates remain unresolved","facility identity/address not confirmed by strong first-party authority"
"HGY_AoLBcMl9MBTosyMcyW5KxrTM4","オレンジセオリーフィットネス三鷹","POSTAL_AUTHORITY_GAP","https://www.orangetheoryfitness.co.jp/mitaka/","1810013","東京都","三鷹市","オレンジセオリーフィットネス三鷹","","","hyrox-training-club-1810013","NEW_LOCATION_READY","Governing, facility, postal, coordinate, brand, and duplicate preconditions are complete",""
"HGY_AtvMure1xIvHhFKf1bEcOksKK","ARQ","MISSING_OFFICIAL_URL","","1020074","東京都","千代田区","ARQ","","","","REMAINS_NEEDS_REVIEW","One or more required authority gates remain unresolved","facility identity/address not confirmed by strong first-party authority; reliable facility-specific authority URL missing"
"HGY_az9UDrEFxvUWQKCA02UiR5GVY","UBX Aobadai","MISSING_OFFICIAL_URL","","2270062","神奈川県","横浜市青葉区","UBX Aobadai","","","","REMAINS_NEEDS_REVIEW","One or more required authority gates remain unresolved","facility identity/address not confirmed by strong first-party authority; reliable facility-specific authority URL missing"
"HGY_azt9tOadi7pmSggVQmQJ6hWZ3","オレンジセオリーフィットネス関内","IDENTITY_ADDRESS_INSUFFICIENT","https://www.orangetheoryfitness.co.jp/kannai/","2310015","神奈川県","横浜市中区","オレンジセオリーフィットネス関内","","","","REMAINS_NEEDS_REVIEW","One or more required authority gates remain unresolved","facility identity/address not confirmed by strong first-party authority"
"HGY_B3b9UhAHRpfS8gfh1UXY6UF35","G2FITNESS","IDENTITY_ADDRESS_INSUFFICIENT","https://g2-fitness.com/","4100022","静岡県","沼津市","G2FITNESS","","","","REMAINS_NEEDS_REVIEW","One or more required authority gates remain unresolved","facility identity/address not confirmed by strong first-party authority"
"HGY_B9sy6uIdHbgwEkUt5vKBAigMH","オレンジセオリーフィットネス下北沢","POSTAL_AUTHORITY_GAP","https://www.orangetheoryfitness.co.jp/shimokitazawa/","1550032","東京都","世田谷区","オレンジセオリーフィットネス下北沢","","","hyrox-training-club-1550032","NEW_LOCATION_READY","Governing, facility, postal, coordinate, brand, and duplicate preconditions are complete",""
"HGY_bflglCfjg61ogQkThSd1y80Jn","CrossFit HAYATE","IDENTITY_ADDRESS_INSUFFICIENT","https://crossfithayate.com/","4560057","愛知県","名古屋市熱田区","CrossFit HAYATE","","","","REMAINS_NEEDS_REVIEW","One or more required authority gates remain unresolved","facility identity/address not confirmed by strong first-party authority"
"HGY_BJ47rrRIRrDxsxXY3zuNW9imJ","LIVERIC","MISSING_OFFICIAL_URL","","5410059","大阪府","大阪市中央区","LIVERIC","","","","REMAINS_NEEDS_REVIEW","One or more required authority gates remain unresolved","facility identity/address not confirmed by strong first-party authority; reliable facility-specific authority URL missing"
"HGY_BxeyXbrPQJ0gqrRx5fQBEe5hC","TLS FITNESS NAGAHARA","MISSING_OFFICIAL_URL","","1450064","東京都","大田区","TLS FITNESS NAGAHARA","","","","REMAINS_NEEDS_REVIEW","One or more required authority gates remain unresolved","facility identity/address not confirmed by strong first-party authority; reliable facility-specific authority URL missing"
"HGY_C71sb4HIOLDnsHEpGiA3caMOJ","ELEMENT 池尻大橋店","POSTAL_AUTHORITY_GAP","https://element-gym.com/","1530042","東京都","目黒区","ELEMENT 池尻大橋店","","","element-1530042","NEW_LOCATION_READY","Governing, facility, postal, coordinate, brand, and duplicate preconditions are complete",""
"HGY_cBVz2QE1ud5Vy3MNNptUi0O9o","Redmond","MISSING_OFFICIAL_URL","","2380021","神奈川県","横須賀市","Redmond","","","","REMAINS_NEEDS_REVIEW","One or more required authority gates remain unresolved","facility identity/address not confirmed by strong first-party authority; reliable facility-specific authority URL missing"
"HGY_CKpn4DHneWfrqTUVaA7D5Whop","VAMOS","POSTAL_AUTHORITY_GAP","https://vamos-training.com/ja","1500011","東京都","渋谷区","VAMOS","","","vamos-1500011","NEW_LOCATION_READY","Governing, facility, postal, coordinate, brand, and duplicate preconditions are complete",""
"HGY_Ct7U9fHhZ9namSPnoClvfxBCd","BEYOND山形店","MISSING_OFFICIAL_URL","https://beyond-gym.com/gym/gym-yamagata/","9900054","山形県","山形市","BEYOND 山形店","","","beyond-9900054","NEW_LOCATION_READY","Official branch page confirms 山形店 and 六日町6-40.",""
"HGY_cu0qxn1IsExMf7hzxplXEr5ox","MotomachiBay Fitness","IDENTITY_ADDRESS_INSUFFICIENT","https://www.motomachibayfitness.com/","2310862","神奈川県","横浜市中区","MotomachiBay Fitness","","","","REMAINS_NEEDS_REVIEW","One or more required authority gates remain unresolved","facility identity/address not confirmed by strong first-party authority"
"HGY_diFBy7oXAn6GUnOvyW556WTVW","ジムフィールド堺東スタジオ","IDENTITY_ADDRESS_INSUFFICIENT","https://www.gym-field.com/sakaihigashi/hyrox/","5900076","大阪府","堺市堺区","ジムフィールド堺東スタジオ","","","","REMAINS_NEEDS_REVIEW","One or more required authority gates remain unresolved","brand semantics unresolved"
"HGY_DLjUhhRwnLvdG4hC8cXKSPzCq","CrossFit MACHIDA","MISSING_OFFICIAL_URL","","1940022","東京都","町田市","CrossFit MACHIDA","","","","REMAINS_NEEDS_REVIEW","One or more required authority gates remain unresolved","facility identity/address not confirmed by strong first-party authority; reliable facility-specific authority URL missing"
"HGY_DnvhbwSSMXQWN6DL1AdCp966G","Gold’s Gym Kashihara Nara","MISSING_OFFICIAL_URL","https://www.goldsgym.jp/shop/kashihara-nara/","6340008","奈良県","橿原市","ゴールドジム 橿原奈良","","","hyrox-training-club-6340008","NEW_LOCATION_READY","Official branch page confirms 橿原奈良 and 十市町1222-1.",""
"HGY_DUga56vMn8fhpPz2dd0ZYSL8A","オレンジセオリーフィットネス八事","POSTAL_AUTHORITY_GAP","https://www.orangetheoryfitness.co.jp/nagoya-yagoto-ikeshita/","4660834","愛知県","名古屋市昭和区","オレンジセオリーフィットネス八事","","","","SOURCE_CONFLICT","Duplicate/conflict audit found a material identity collision","duplicate canonical facility URL"
"HGY_DWTQ6FfFIG3fDJP1helxDpfmL","F45 Training Hamamatsucho","POSTAL_AUTHORITY_GAP","https://f45training.com/jp/studio/hamamatsucho/","1050013","東京都","港区","F45 Training Hamamatsucho","","","f45-training-hamamatsucho","NEW_LOCATION_READY","Governing, facility, postal, coordinate, brand, and duplicate preconditions are complete",""
"HGY_e0rqkrg7L4ataPZD4gGoOL0W9","UFC Gym YOGA","MISSING_OFFICIAL_URL","https://yoga.ufcgym.co.jp/","1580096","東京都","世田谷区","UFC Gym 用賀","","","ufc-gym-1580096","NEW_LOCATION_READY","Official facility site confirms 用賀 and 玉川台2-22-20.",""
"HGY_EixPsvYrIifAztmXBj8p1XAyw","Urban Heroes Tokyo","SOCIAL_BOOKING_HOSTED_ONLY","https://www.urbanheroestokyo.com/","1060031","東京都","港区","Urban Heroes Tokyo","","","","REMAINS_NEEDS_REVIEW","One or more required authority gates remain unresolved","facility identity/address not confirmed by strong first-party authority"
"HGY_Em6Ykdm6hSAiCWilyjc9Wdiqk","株式会社INSPA","POSTAL_AUTHORITY_GAP","https://www.inspa.jp/","2210054","神奈川県","横浜市神奈川区","株式会社INSPA","","","inspa-2210054","NEW_LOCATION_READY","Governing, facility, postal, coordinate, brand, and duplicate preconditions are complete",""
"HGY_f8sZVaVktoc9eBl6vRaTzBDWe","パーソナルジムハクト","POSTAL_AUTHORITY_GAP","https://hackt-upsetworkout.com/","2320027","神奈川県","横浜市南区","パーソナルジムハクト","","","","REMAINS_NEEDS_REVIEW","One or more required authority gates remain unresolved","brand semantics unresolved"
"HGY_fd08dzI687maGklD0PMhGHHZ7","オレンジセオリーフィットネス東久留米","POSTAL_AUTHORITY_GAP","https://www.orangetheoryfitness.co.jp/higashikurume/","2030014","東京都","東久留米市","オレンジセオリーフィットネス東久留米","","","hyrox-training-club-2030014","NEW_LOCATION_READY","Governing, facility, postal, coordinate, brand, and duplicate preconditions are complete",""
"HGY_FiCZhKUENG3Vf6prJVC8KhpOK","FITNESS CLUB EXE GYM HYROX","MISSING_OFFICIAL_URL","","5500002","大阪府","大阪市西区","FITNESS CLUB EXE GYM HYROX","","","","REMAINS_NEEDS_REVIEW","One or more required authority gates remain unresolved","facility identity/address not confirmed by strong first-party authority; reliable facility-specific authority URL missing"
"HGY_fQVwlHEYY1obNCVUUJSvk4Efc","イージートゥアップ","MISSING_OFFICIAL_URL","","","","miyakojimaku","イージートゥアップ","","","","REMAINS_NEEDS_REVIEW","One or more required authority gates remain unresolved","brand semantics unresolved; deterministic semantic slug unavailable; facility identity/address not confirmed by strong first-party authority; postal authority postal_authority_unresolved; reliable facility-specific authority URL missing"
"HGY_GjdVGIybcOjSedJ9IQ6fDsZPv","CrossFit Kamuy","POSTAL_AUTHORITY_GAP","https://crossfitkamuy.com/","2200073","神奈川県","横浜市西区","CrossFit Kamuy","","","crossfit-kamuy-2200073","NEW_LOCATION_READY","Governing, facility, postal, coordinate, brand, and duplicate preconditions are complete",""
"HGY_GpxyO4qXkplkOv85yJTN590Q3","K.K. CrossFitness","MISSING_OFFICIAL_URL","","1060032","東京都","港区","K.K. CrossFitness","","","","REMAINS_NEEDS_REVIEW","One or more required authority gates remain unresolved","facility identity/address not confirmed by strong first-party authority; reliable facility-specific authority URL missing"
"HGY_GrguErmIvNituRVHMp4XMrzhZ","P.U LAB","MISSING_OFFICIAL_URL","","5340025","大阪府","大阪市都島区","P.U LAB","","","","REMAINS_NEEDS_REVIEW","One or more required authority gates remain unresolved","facility identity/address not confirmed by strong first-party authority; reliable facility-specific authority URL missing"
"HGY_GUa4TuelZVO6XiKTfVGi9MmkF","オレンジセオリーフィットネス 八王子オーパ","POSTAL_AUTHORITY_GAP","https://www.orangetheoryfitness.co.jp/hachioji/","1920083","東京都","八王子市","オレンジセオリーフィットネス 八王子オーパ","","","hyrox-training-club-1920083","NEW_LOCATION_READY","Governing, facility, postal, coordinate, brand, and duplicate preconditions are complete",""
"HGY_gxp3RxDXjGnAXoHd4NDNwGxXP","Hyex大宮","IDENTITY_ADDRESS_INSUFFICIENT","https://hyex.jp/","3300843","埼玉県","さいたま市大宮区","Hyex大宮","","","","REMAINS_NEEDS_REVIEW","One or more required authority gates remain unresolved","facility identity/address not confirmed by strong first-party authority"
"HGY_Gytouu2Jl1EjSpgwMrT4tlmkc","オレンジセオリーフィットネス青葉台","POSTAL_AUTHORITY_GAP","https://www.orangetheoryfitness.co.jp/aobadai/","2270062","神奈川県","横浜市青葉区","オレンジセオリーフィットネス青葉台","","","hyrox-training-club-2270062","NEW_LOCATION_READY","Governing, facility, postal, coordinate, brand, and duplicate preconditions are complete",""
"HGY_h8B3zjgLhoVELa3YhExLIEuxq","OTF MACHIDA","MISSING_OFFICIAL_URL","https://www.orangetheoryfitness.co.jp/machida/","1940022","東京都","町田市","オレンジセオリーフィットネス 町田","","","hyrox-training-club-1940022","NEW_LOCATION_READY","Official HYROX/branch pages confirm 町田 and 森野1-19-20.",""
"HGY_hh2gFINyLgIbu8P1uFb9ChYf1","Beequick Fitness　Tateyama","POSTAL_AUTHORITY_GAP","https://www.beequick.jp/location/tateyama/","2940047","千葉県","館山市","Beequick Fitness　Tateyama","","","beequick-fitness-tateyama","NEW_LOCATION_READY","Governing, facility, postal, coordinate, brand, and duplicate preconditions are complete",""
"HGY_hh8OAkaxSb7jABGYdA8MH6mgA","エニタイムフィットネス西町店","MISSING_OFFICIAL_URL","https://www.anytimefitness.co.jp/nishimachi/","0630062","北海道","札幌市西区","エニタイムフィットネス 西町店","","","hyrox-training-club-0630062","NEW_LOCATION_READY","Official branch page confirms 西町店, 西町南2-1-16, and the Anytime Fitness brand.",""
"HGY_HjNdQDAfuWv7EMnLQgF19CxlE","CONDITIONNING LAB SYNE","MISSING_OFFICIAL_URL","","1900023","東京都","立川市","CONDITIONNING LAB SYNE","","","","REMAINS_NEEDS_REVIEW","One or more required authority gates remain unresolved","facility identity/address not confirmed by strong first-party authority; reliable facility-specific authority URL missing"
"HGY_HxEZO63b6wj0lpmQE74SHJiW7","ジムフィールド豊中スタジオ","MISSING_OFFICIAL_URL","https://www.gym-field.com/studio/","5610807","大阪府","豊中市","ジムフィールド 豊中スタジオ","","","hyrox-training-club-5610807","NEW_LOCATION_READY","Official studio locator confirms 豊中, 原田中1-9-7, and the shared ジムフィールド brand.",""
"HGY_hxrks6HbdDFZBBpodBKZJ7Gb4","きん肉こまつ","MISSING_OFFICIAL_URL","","5998236","大阪府","堺市中区","きん肉こまつ","","","","REMAINS_NEEDS_REVIEW","One or more required authority gates remain unresolved","brand semantics unresolved; facility identity/address not confirmed by strong first-party authority; reliable facility-specific authority URL missing"
"HGY_HyOiWuqQnPyPOR4J3eI86EztG","VAMOS FIELD KamiIkebukuro","MISSING_OFFICIAL_URL","","1700004","東京都","豊島区","VAMOS FIELD KamiIkebukuro","","","","REMAINS_NEEDS_REVIEW","One or more required authority gates remain unresolved","facility identity/address not confirmed by strong first-party authority; reliable facility-specific authority URL missing"
"HGY_i25m4SPcDFBD8fDB1UFmCNZvP","オレンジセオリーフィットネス本八幡","POSTAL_AUTHORITY_GAP","https://www.orangetheoryfitness.co.jp/motoyawata/","2720021","千葉県","市川市","オレンジセオリーフィットネス本八幡","","","hyrox-training-club-2720021","NEW_LOCATION_READY","Governing, facility, postal, coordinate, brand, and duplicate preconditions are complete",""
"HGY_I5QXnm7FEYFTEAvXmWjgmeNA3","ハイアルチ下北沢スタジオ","MISSING_OFFICIAL_URL","https://high-alti.jp/studio/","1550033","東京都","世田谷区","ハイアルチ 下北沢スタジオ","","","hyrox-training-club-1550033","NEW_LOCATION_READY","Official studio locator confirms 下北沢, 代田6-6-1, and the shared ハイアルチ brand.",""
"HGY_i69hHLLmM3NSGkdz0T1eWSTAL","CrossFit ILF","MISSING_OFFICIAL_URL","","9010416","沖縄県","島尻郡八重瀬町","CrossFit ILF","","","","REMAINS_NEEDS_REVIEW","One or more required authority gates remain unresolved","facility identity/address not confirmed by strong first-party authority; reliable facility-specific authority URL missing"
"HGY_i9WQU37U4iMwhDulqaXJLnA2v","CrossFit Mitaka","POSTAL_AUTHORITY_GAP","https://crossfitmitaka.tokyo/","1810013","東京都","三鷹市","CrossFit Mitaka","","","crossfit-mitaka-1810013","NEW_LOCATION_READY","Governing, facility, postal, coordinate, brand, and duplicate preconditions are complete",""
"HGY_ieFxGEcXDTIJbIkfnlyMiXSkG","Square fitness kasumigaseki.S","MISSING_OFFICIAL_URL","","3501103","埼玉県","川越市","Square fitness kasumigaseki.S","","","","REMAINS_NEEDS_REVIEW","One or more required authority gates remain unresolved","facility identity/address not confirmed by strong first-party authority; reliable facility-specific authority URL missing"
"HGY_ilpB5BY0mpBU4wTEZgBbmetS7","CrossFit 松山","MISSING_OFFICIAL_URL","https://www.crossfitmatsuyama.com/","7918015","愛媛県","松山市","CrossFit 松山","","","crossfit-7918015","NEW_LOCATION_READY","Official facility site confirms CrossFit 松山 and 松山市中央1-4-5.",""
"HGY_In33itcmu8v93rkwKZy42O3U6","TRIVE","MISSING_OFFICIAL_URL","","5410056","大阪府","大阪市中央区","TRIVE","","","","REMAINS_NEEDS_REVIEW","One or more required authority gates remain unresolved","facility identity/address not confirmed by strong first-party authority; reliable facility-specific authority URL missing"
"HGY_iZUzR5DRBK3M09AkhPf9nIWcF","ableize+","SOCIAL_BOOKING_HOSTED_ONLY","https://www.instagram.com/ableize_plus/","4600002","愛知県","名古屋市中区","ableize+","","","","REMAINS_NEEDS_REVIEW","One or more required authority gates remain unresolved","facility identity/address not confirmed by strong first-party authority"
"HGY_j1Szv4JmxytARCgfm48f0Z4xS","HTC CHIKUSA– Human Performance Training Center –","POSTAL_AUTHORITY_GAP","https://htc-chikusa.com/","4600007","愛知県","名古屋市中区","HTC CHIKUSA– Human Performance Training Center –","","","htc-chikusa-human-performance-training-center-4600007","NEW_LOCATION_READY","Governing, facility, postal, coordinate, brand, and duplicate preconditions are complete",""
"HGY_JCa2wmnnXSkHcguScx2Fg9XC8","CrossFit Amagasaki","MISSING_OFFICIAL_URL","https://cf-amagasaki.jp/","6600807","兵庫県","尼崎市","CrossFit Amagasaki","","","crossfit-amagasaki-6600807","NEW_LOCATION_READY","Official site and official profile confirm CrossFit Amagasaki and 長洲西通1-13-7.",""
"HGY_JIrzMHO2rP2Len2KG3ZOew0ot","GymFit Build Run Core","MISSING_OFFICIAL_URL","","2130001","神奈川県","川崎市高津区","GymFit Build Run Core","","","","REMAINS_NEEDS_REVIEW","One or more required authority gates remain unresolved","facility identity/address not confirmed by strong first-party authority; reliable facility-specific authority URL missing"
"HGY_JvN4Z8dSYs9ca9kzgNl28kWVL","CrossFit Nakamozu","SOCIAL_BOOKING_HOSTED_ONLY","https://www.instagram.com/crossfit_nakamozu/","5918032","大阪府","堺市北区","CrossFit Nakamozu","","","","REMAINS_NEEDS_REVIEW","One or more required authority gates remain unresolved","facility identity/address not confirmed by strong first-party authority"
"HGY_KaZs1vtKjZL5y93x84bg7nOEf","ジムフィールド梅田スタジオ","POSTAL_AUTHORITY_GAP","https://www.gym-field.com/","5530003","大阪府","大阪市福島区","ジムフィールド梅田スタジオ","","","","REMAINS_NEEDS_REVIEW","One or more required authority gates remain unresolved","brand semantics unresolved"
"HGY_KfmsGVY1O0Uo5HUJvnNoeyQvc","BRC Hyrox Training Club","IDENTITY_ADDRESS_INSUFFICIENT","https://personal-gymfit.com/lp/brc-light/suita/","5640073","大阪府","吹田市","BRC Hyrox Training Club","","","","REMAINS_NEEDS_REVIEW","One or more required authority gates remain unresolved","facility identity/address not confirmed by strong first-party authority"
"HGY_kk6NqoZrMoGBicxYBwVJafaE2","オレンジセオリーフィットネス武蔵小金井","POSTAL_AUTHORITY_GAP","https://www.orangetheoryfitness.co.jp/musashikoganei/","1840004","東京都","小金井市","オレンジセオリーフィットネス武蔵小金井","","","hyrox-training-club-1840004","NEW_LOCATION_READY","Governing, facility, postal, coordinate, brand, and duplicate preconditions are complete",""
"HGY_KqtNHNJuS9bxAfH4mTf5V0Ojz","ZENITH FITNESS","MISSING_OFFICIAL_URL","","3020006","茨城県","取手市","ZENITH FITNESS","","","","REMAINS_NEEDS_REVIEW","One or more required authority gates remain unresolved","facility identity/address not confirmed by strong first-party authority; reliable facility-specific authority URL missing"
"HGY_KXsKkigAHxENjfO8pM4ocl6FF","Beequick Fitness　Fuji imaizumi","POSTAL_AUTHORITY_GAP","https://www.beequick.jp/location/fujiimaizumi/","4170001","静岡県","富士市","Beequick Fitness　Fuji imaizumi","","","beequick-fitness-fuji-imaizumi","NEW_LOCATION_READY","Governing, facility, postal, coordinate, brand, and duplicate preconditions are complete",""
"HGY_L3VAddWv1SmZCR2GoXzjkXvDi","KAMAKURA TRAINING GARAGE","MISSING_OFFICIAL_URL","","2470056","神奈川県","鎌倉市","KAMAKURA TRAINING GARAGE","","","","REMAINS_NEEDS_REVIEW","One or more required authority gates remain unresolved","facility identity/address not confirmed by strong first-party authority; reliable facility-specific authority URL missing"
"HGY_LofMB67LwXKWbb4m2xQmqsqMD","OTF URAWA","MISSING_OFFICIAL_URL","https://orangetheoryfitness.co.jp/urawa/index.html","3300062","埼玉県","さいたま市浦和区","オレンジセオリーフィットネス 浦和","","","hyrox-training-club-3300062","NEW_LOCATION_READY","Official branch page confirms 浦和 and 仲町1-3-10.",""
"HGY_lpqlTA67YHaPgwogB58Qkb8tz","POTRERO","SOCIAL_BOOKING_HOSTED_ONLY","https://www.instagram.com/potrero202310/","1850012","東京都","国分寺市","POTRERO","","","","REMAINS_NEEDS_REVIEW","One or more required authority gates remain unresolved","facility identity/address not confirmed by strong first-party authority"
"HGY_LUMiZByOSjT9LQQgyPQdvMSCE","THE PICKLE BANG THEORY","POSTAL_AUTHORITY_GAP","https://www.thepicklebang.com/","2720021","千葉県","市川市","THE PICKLE BANG THEORY","","","the-pickle-bang-theory-2720021","NEW_LOCATION_READY","Governing, facility, postal, coordinate, brand, and duplicate preconditions are complete",""
"HGY_mAUikrooxzoDevlGFVY7yXt3l","Gold‘s Gym Maebashi Inter","MISSING_OFFICIAL_URL","https://www.goldsgym.jp/shop/maebashi-inter/","3700001","群馬県","高崎市","ゴールドジム 前橋インター","","","hyrox-training-club-3700001","NEW_LOCATION_READY","Official branch page confirms 前橋インター and 中尾町44.",""
"HGY_MBiqaWicnf0xZ4Ftz9b8aMRTE","オレンジセオリーフィットネス麻布十番","POSTAL_AUTHORITY_GAP","https://www.orangetheoryfitness.co.jp/azabujuban/","1060045","東京都","港区","オレンジセオリーフィットネス麻布十番","","","hyrox-training-club-1060045","NEW_LOCATION_READY","Governing, facility, postal, coordinate, brand, and duplicate preconditions are complete",""
"HGY_minG8KdzMB6B4YLlOLzHWcOKn","CrossFit Matsumoto","POSTAL_AUTHORITY_GAP","https://crossfitmatsumoto.com/","3990036","長野県","松本市","CrossFit Matsumoto","","","crossfit-matsumoto-3990036","NEW_LOCATION_READY","Governing, facility, postal, coordinate, brand, and duplicate preconditions are complete",""
"HGY_mSkoLyCWJwPT39x02V3w0hu0t","ELITEGYM","MISSING_OFFICIAL_URL","","5500005","大阪府","大阪市西区","ELITEGYM","","","","REMAINS_NEEDS_REVIEW","One or more required authority gates remain unresolved","facility identity/address not confirmed by strong first-party authority; reliable facility-specific authority URL missing"
"HGY_n4xTGpLhdouLv9TzuLk2J1OoV","オレンジセオリーフィットネス溝の口","POSTAL_AUTHORITY_GAP","https://www.orangetheoryfitness.co.jp/mizonokuchi/","2130001","神奈川県","川崎市高津区","オレンジセオリーフィットネス溝の口","","","hyrox-training-club-2130001","NEW_LOCATION_READY","Governing, facility, postal, coordinate, brand, and duplicate preconditions are complete",""
"HGY_NGStYUdZn1ur6ZXx2gNf1MPCo","UFC Gym Ogikubo","MISSING_OFFICIAL_URL","https://ogikubo.ufcgym.co.jp/","1670051","東京都","杉並区","UFC Gym 荻窪","","","ufc-gym-1670051","NEW_LOCATION_READY","Official facility site confirms 荻窪 and 荻窪5-20-5.",""
"HGY_nrmk6sTnBrGkV8zdarIrCOxa6","UBX Nishikasai","MISSING_OFFICIAL_URL","","1340088","東京都","江戸川区","UBX Nishikasai","","","","REMAINS_NEEDS_REVIEW","One or more required authority gates remain unresolved","facility identity/address not confirmed by strong first-party authority; reliable facility-specific authority URL missing"
"HGY_oDeEhxzojI1lC8iPahxfmqnB3","Triangle Co., Ltd.","MISSING_OFFICIAL_URL","","5580043","大阪府","大阪市住吉区","Triangle Co., Ltd.","","","","REMAINS_NEEDS_REVIEW","One or more required authority gates remain unresolved","facility identity/address not confirmed by strong first-party authority; reliable facility-specific authority URL missing"
"HGY_odlnWDpLf7vstauEn9OOylTjB","Deportare Club","MISSING_OFFICIAL_URL","","1060041","東京都","港区","Deportare Club","","","","REMAINS_NEEDS_REVIEW","One or more required authority gates remain unresolved","facility identity/address not confirmed by strong first-party authority; reliable facility-specific authority URL missing"
"HGY_OFeOcuxCgnvAFZl5IgUk1XUd0","Hybrid Beast Sapporo","SOCIAL_BOOKING_HOSTED_ONLY","https://hybridbeast.hacomono.jp/home","0640801","北海道","札幌市中央区","Hybrid Beast Sapporo","","","","REMAINS_NEEDS_REVIEW","One or more required authority gates remain unresolved","facility identity/address not confirmed by strong first-party authority"
"HGY_OU7kGXxVCornn7wzKRPPXbxCF","セミパーソナルジムLAULE'A50Fitness 本町店","MISSING_OFFICIAL_URL","","5410054","大阪府","大阪市中央区","セミパーソナルジムLAULE'A50Fitness 本町店","","","","REMAINS_NEEDS_REVIEW","One or more required authority gates remain unresolved","facility identity/address not confirmed by strong first-party authority; reliable facility-specific authority URL missing"
"HGY_oY9C1ywaWlEhDuOstuuQngXDg","ENZA HYROX TRAINING CLUB","SOCIAL_BOOKING_HOSTED_ONLY","https://enza.stores.jp/reserve/hyrox","2240036","神奈川県","横浜市都筑区","ENZA HYROX TRAINING CLUB","","","","REMAINS_NEEDS_REVIEW","One or more required authority gates remain unresolved","facility identity/address not confirmed by strong first-party authority"
"HGY_P4QYjZgyjnKMV2GYc2blZggsY","Red Circle Crossfit Nakagawa","SOCIAL_BOOKING_HOSTED_ONLY","https://www.instagram.com/redcircle_crossfit/","2240001","神奈川県","横浜市都筑区","Red Circle Crossfit Nakagawa","","","","REMAINS_NEEDS_REVIEW","One or more required authority gates remain unresolved","facility identity/address not confirmed by strong first-party authority"
"HGY_PHT5uoCZZO2tEyxMU4ImHO4EL","CrossFit Motomachi","MISSING_OFFICIAL_URL","","6500022","兵庫県","神戸市中央区","CrossFit Motomachi","","","","REMAINS_NEEDS_REVIEW","One or more required authority gates remain unresolved","facility identity/address not confirmed by strong first-party authority; reliable facility-specific authority URL missing"
"HGY_qaUKe9XHM4Dt1rhd2sHFQEumQ","BANYAN ROOTS Fitness","MISSING_OFFICIAL_URL","","9012401","沖縄県","中頭郡中城村","BANYAN ROOTS Fitness","","","","REMAINS_NEEDS_REVIEW","One or more required authority gates remain unresolved","facility identity/address not confirmed by strong first-party authority; reliable facility-specific authority URL missing"
"HGY_QFXRcpJLiJTC7URRjjI95KhmK","セミパーソナルジムLAULE'A50Fitness 天満橋店","MISSING_OFFICIAL_URL","","5400008","大阪府","大阪市中央区","セミパーソナルジムLAULE'A50Fitness 天満橋店","","","","REMAINS_NEEDS_REVIEW","One or more required authority gates remain unresolved","facility identity/address not confirmed by strong first-party authority; reliable facility-specific authority URL missing"
"HGY_QK799RP2OcY1gOAl2xwpkHa4b","MUSCLE GATE HOTEL GYM BOUTIQUE Powered by GOLD`S GYM","POSTAL_AUTHORITY_GAP","https://www.musclegate-hotelgymboutique.com/","5420085","大阪府","大阪市中央区","MUSCLE GATE HOTEL GYM BOUTIQUE Powered by GOLD`S GYM","","","muscle-gate-hotel-gym-boutique-powered-by-golds-gym","NEW_LOCATION_READY","Governing, facility, postal, coordinate, brand, and duplicate preconditions are complete",""
"HGY_qOcqK0E94UdIHKuNFcMIRpvhf","FREESTYLE FITNESS","MISSING_OFFICIAL_URL","","6500011","兵庫県","神戸市中央区","FREESTYLE FITNESS","","","","REMAINS_NEEDS_REVIEW","One or more required authority gates remain unresolved","facility identity/address not confirmed by strong first-party authority; reliable facility-specific authority URL missing"
"HGY_RFVnw99mAdpSM2kA6DzbK0fwO","CrossFit  SETAGAYA","MISSING_OFFICIAL_URL","","1540023","東京都","世田谷区","CrossFit  SETAGAYA","","","","REMAINS_NEEDS_REVIEW","One or more required authority gates remain unresolved","facility identity/address not confirmed by strong first-party authority; reliable facility-specific authority URL missing"
"HGY_Sb90tuf5xROH384KcSvEVpVhk","Bright Enoshima | HYROX","SOCIAL_BOOKING_HOSTED_ONLY","https://www.instagram.com/bright_enoshima/","2480033","神奈川県","鎌倉市","Bright Enoshima | HYROX","","","","REMAINS_NEEDS_REVIEW","One or more required authority gates remain unresolved","facility identity/address not confirmed by strong first-party authority"
"HGY_sbFQoJaYts6eUUShzWUC6e8sv","Beequick Fitness　Kasugai  oshisawadai","POSTAL_AUTHORITY_GAP","https://www.beequick.jp/location/kasugaioshizawadai/","4870005","愛知県","春日井市","Beequick Fitness　Kasugai  oshisawadai","","","beequick-fitness-kasugai-oshisawadai","NEW_LOCATION_READY","Governing, facility, postal, coordinate, brand, and duplicate preconditions are complete",""
"HGY_sIzr19G0LhmZpHzUhEJpv2QLx","ReXeR Tokyo","OFFICIAL_SITE_UNREACHABLE","https://rexer-tokyo.style/","1070062","東京都","港区","ReXeR Tokyo","","","","REMAINS_NEEDS_REVIEW","One or more required authority gates remain unresolved","facility identity/address not confirmed by strong first-party authority"
"HGY_sm5NKgjNHsZ3iblInhUUK5sXp","B-fitPrime服部緑地","MISSING_OFFICIAL_URL","","5610873","大阪府","豊中市","B-fitPrime服部緑地","","","","REMAINS_NEEDS_REVIEW","One or more required authority gates remain unresolved","facility identity/address not confirmed by strong first-party authority; reliable facility-specific authority URL missing"
"HGY_SuW4zEnJyABlIoQuB6Vhcb55a","J-BOX岡山","MISSING_OFFICIAL_URL","","7000953","岡山県","岡山市北区","J-BOX岡山","","","","SOURCE_CONFLICT","Material governing-body, coordinate, or postal authority conflict","facility identity/address not confirmed by strong first-party authority; postal authority postal_authority_conflict; reliable facility-specific authority URL missing"
"HGY_svy8leyzBW7DDaBLq57FWuNot","BEYOND名古屋駅前店","MISSING_OFFICIAL_URL","https://beyond-gym.com/gym/area/chubu/","4500003","愛知県","名古屋市中村区","BEYOND 名古屋駅前店","","","beyond-4500003","NEW_LOCATION_READY","Official locator confirms 名古屋駅前店 and 名駅南1-18-11.",""
"HGY_TG4052uDtmYS0I70ODdFi7704","CrossFit Otsuka","POSTAL_AUTHORITY_GAP","https://crossfit-otsuka.com/","1700004","東京都","豊島区","CrossFit Otsuka","","","crossfit-otsuka-1700004","NEW_LOCATION_READY","Governing, facility, postal, coordinate, brand, and duplicate preconditions are complete",""
"HGY_THuICnaU3oVt3DAY6FgPgQspb","オレンジセオリーフィットネス池下","POSTAL_AUTHORITY_GAP","https://www.orangetheoryfitness.co.jp/nagoya-yagoto-ikeshita/","4640841","愛知県","名古屋市千種区","オレンジセオリーフィットネス池下","","","","SOURCE_CONFLICT","Duplicate/conflict audit found a material identity collision","duplicate canonical facility URL"
"HGY_TKMAq3PiVcrsYG5AUGSG5qZEN","CrossFit Kofu","POSTAL_AUTHORITY_GAP","https://crossfitkofu.com/","4000053","山梨県","甲府市","CrossFit Kofu","","","crossfit-kofu-4000053","NEW_LOCATION_READY","Governing, facility, postal, coordinate, brand, and duplicate preconditions are complete",""
"HGY_tttU7yUgXd0aaJHOjKg5BCkSn","TOMMY WORKOUT GYM","IDENTITY_ADDRESS_INSUFFICIENT","https://tommyworkout.com/","1530064","東京都","目黒区","TOMMY WORKOUT GYM","","","","REMAINS_NEEDS_REVIEW","One or more required authority gates remain unresolved","facility identity/address not confirmed by strong first-party authority"
"HGY_tvAvxxWuvtyhwO9dVyMWgnozo","Anytimefitness Urawanakao","MISSING_OFFICIAL_URL","","3360932","埼玉県","さいたま市緑区","Anytimefitness Urawanakao","","","","REMAINS_NEEDS_REVIEW","One or more required authority gates remain unresolved","facility identity/address not confirmed by strong first-party authority; reliable facility-specific authority URL missing"
"HGY_u1B3yXynkPyPxOuTQPXyjceFr","Freeletics Goals","POSTAL_AUTHORITY_GAP","https://www.freeleticsgoals.com/en/","2310011","神奈川県","横浜市中区","Freeletics Goals","","","freeletics-goals-2310011","NEW_LOCATION_READY","Governing, facility, postal, coordinate, brand, and duplicate preconditions are complete",""
"HGY_u1jEfMUhWzm4UY0kr23bbloXw","MYFITNESSアスリートハウス","MISSING_OFFICIAL_URL","","7900813","愛媛県","松山市","MYFITNESSアスリートハウス","","","","REMAINS_NEEDS_REVIEW","One or more required authority gates remain unresolved","facility identity/address not confirmed by strong first-party authority; reliable facility-specific authority URL missing"
"HGY_ubYkZjWhnTcLhpmaPlOYYfzRe","Buddytraining","MISSING_OFFICIAL_URL","","1500012","東京都","渋谷区","Buddytraining","","","","REMAINS_NEEDS_REVIEW","One or more required authority gates remain unresolved","facility identity/address not confirmed by strong first-party authority; reliable facility-specific authority URL missing"
"HGY_uKdKtwcICbq2c8iwKmwqdpxhJ","THEパーソナルトレーニング新潟","MISSING_OFFICIAL_URL","","9500912","新潟県","新潟市中央区","THEパーソナルトレーニング新潟","","","","REMAINS_NEEDS_REVIEW","One or more required authority gates remain unresolved","facility identity/address not confirmed by strong first-party authority; reliable facility-specific authority URL missing"
"HGY_vexROb0W8GM2zgqdqdysd1LYz","Fitness Studio YOU'phoria","MISSING_OFFICIAL_URL","","4640075","愛知県","名古屋市千種区","Fitness Studio YOU'phoria","","","","REMAINS_NEEDS_REVIEW","One or more required authority gates remain unresolved","facility identity/address not confirmed by strong first-party authority; reliable facility-specific authority URL missing"
"HGY_vKVViER7spGFVzDED6QfEMuP5","PATRIOT MOTION CLUB","MISSING_OFFICIAL_URL","","3113115","茨城県","東茨城郡茨城町","PATRIOT MOTION CLUB","","","","REMAINS_NEEDS_REVIEW","One or more required authority gates remain unresolved","facility identity/address not confirmed by strong first-party authority; reliable facility-specific authority URL missing"
"HGY_VtlzLZmJraDc0Q1rWUvkktOkD","SureGym（シュアジム）君津店","MISSING_OFFICIAL_URL","","2991151","千葉県","君津市","SureGym（シュアジム）君津店","","","","REMAINS_NEEDS_REVIEW","One or more required authority gates remain unresolved","facility identity/address not confirmed by strong first-party authority; reliable facility-specific authority URL missing"
"HGY_vVcITNYTt6vBwAbMaLQj58wcw","A Plus CrossFit Takatsuki","SOCIAL_BOOKING_HOSTED_ONLY","https://apf-takatsuki.vercel.app/","5691121","大阪府","高槻市","A Plus CrossFit Takatsuki","","","a-plus-crossfit-takatsuki-5691121","NEW_LOCATION_READY","Governing, facility, postal, coordinate, brand, and duplicate preconditions are complete",""
"HGY_vxpsLHHaOUkkrFxB7welZply6","TRANSIT GYM","SOCIAL_BOOKING_HOSTED_ONLY","https://www.instagram.com/transitgym_shonan/","2510032","神奈川県","藤沢市","TRANSIT GYM","","","","REMAINS_NEEDS_REVIEW","One or more required authority gates remain unresolved","facility identity/address not confirmed by strong first-party authority"
"HGY_w1kFjCWRyoM7EmvP3I9DYLtEt","Anim Movement Club","MISSING_OFFICIAL_URL","","1560032","","Setagaya","Anim Movement Club","","","","REMAINS_NEEDS_REVIEW","One or more required authority gates remain unresolved","facility identity/address not confirmed by strong first-party authority; postal authority postal_authority_unresolved; reliable facility-specific authority URL missing"
"HGY_w8bQvi3oZi0Uan43p91ImN3MP","エスティフィットネスクラブ","POSTAL_AUTHORITY_GAP","https://estyfitness.com/","4750021","愛知県","半田市","エスティフィットネスクラブ","","","","REMAINS_NEEDS_REVIEW","One or more required authority gates remain unresolved","brand semantics unresolved"
"HGY_wre6YfUPBNkfwFN4kIJmeR5gk","B-Revolution×溝の口整体院","IDENTITY_ADDRESS_INSUFFICIENT","https://mizonoguchi-chiro.com/","2130001","神奈川県","川崎市高津区","B-Revolution×溝の口整体院","","","","REMAINS_NEEDS_REVIEW","One or more required authority gates remain unresolved","facility identity/address not confirmed by strong first-party authority"
"HGY_WwI5XjqwNQ9fVt0tFLF0Y5pTi","GRANDSTONE SKY ATHLETICS","MISSING_OFFICIAL_URL","","6510086","兵庫県","神戸市中央区","GRANDSTONE SKY ATHLETICS","","","","REMAINS_NEEDS_REVIEW","One or more required authority gates remain unresolved","facility identity/address not confirmed by strong first-party authority; reliable facility-specific authority URL missing"
"HGY_wWrNDerG0IQoFDsAo4L7w3io2","MEIJI PARK","POSTAL_AUTHORITY_GAP","https://www.meiji-park.com/","1600013","東京都","新宿区","MEIJI PARK","","","meiji-park-1600013","NEW_LOCATION_READY","Governing, facility, postal, coordinate, brand, and duplicate preconditions are complete",""
"HGY_x5BzXBk4iDcdWkMsTrZyZ2l4f","Shoji Ueda　GYM  dammy","MISSING_OFFICIAL_URL","","2510037","神奈川県","藤沢市","Shoji Ueda　GYM  dammy","","","","REMAINS_NEEDS_REVIEW","One or more required authority gates remain unresolved","facility identity/address not confirmed by strong first-party authority; reliable facility-specific authority URL missing"
"HGY_xC6UC9Za5P4gAkSZBNF8JEHOh","Nack 5 Stadium","MISSING_OFFICIAL_URL","","3300803","埼玉県","さいたま市大宮区","Nack 5 Stadium","","","","REMAINS_NEEDS_REVIEW","One or more required authority gates remain unresolved","facility identity/address not confirmed by strong first-party authority; reliable facility-specific authority URL missing"
"HGY_XotZqvZQHBEFn2JSD3GmfJOy8","Hyex吉祥寺","POSTAL_AUTHORITY_GAP","https://hyex.jp/studio/lp/","1800002","東京都","武蔵野市","Hyex吉祥寺","","","hyex-1800002","NEW_LOCATION_READY","Governing, facility, postal, coordinate, brand, and duplicate preconditions are complete",""
"HGY_XPZszMzcdWvhZx9ZIXD5Qlcvg","Port Tower CrossFit","SOCIAL_BOOKING_HOSTED_ONLY","https://www.porttowercrossfit.com/","6500003","兵庫県","神戸市中央区","Port Tower CrossFit","","","port-tower-crossfit-6500003","NEW_LOCATION_READY","Governing, facility, postal, coordinate, brand, and duplicate preconditions are complete",""
"HGY_XsJSB4jNTUfR4otyZrmg22J81","TrueFitness 吹田 HYROX","MISSING_OFFICIAL_URL","https://true-f.com/","5640027","大阪府","吹田市","TrueFitness 吹田","","","truefitness-5640027","NEW_LOCATION_READY","Official facility site confirms TrueFitness and 吹田市朝日町2-101.",""
"HGY_XtsKlmBFCkXJcX8703QafobrI","Yunami Fitness","IDENTITY_ADDRESS_INSUFFICIENT","https://www.yunamifitness.com/","1310031","東京都","墨田区","Yunami Fitness","","","","REMAINS_NEEDS_REVIEW","One or more required authority gates remain unresolved","facility identity/address not confirmed by strong first-party authority"
"HGY_xyAU0lT9Vs7V3PVl1H9RJ5g1r","EastCoastPark","SOCIAL_BOOKING_HOSTED_ONLY","https://www.instagram.com/eastcoastpark_sendai/","9840033","宮城県","仙台市若林区","EastCoastPark","","","","REMAINS_NEEDS_REVIEW","One or more required authority gates remain unresolved","facility identity/address not confirmed by strong first-party authority"
"HGY_yeaRUcBgLaGGSgJ0FWDMnVgd8","UBX Chuorinkan","MISSING_OFFICIAL_URL","","2420007","神奈川県","大和市","UBX Chuorinkan","","","","REMAINS_NEEDS_REVIEW","One or more required authority gates remain unresolved","facility identity/address not confirmed by strong first-party authority; reliable facility-specific authority URL missing"
"HGY_ygO9mHhu9Hbmoszq4sn4Z1Zw0","Crossfit Uninterrupted","OFFICIAL_SITE_UNREACHABLE","https://en.crossfituninterrupted.com/","2200012","神奈川県","横浜市西区","Crossfit Uninterrupted","","","","REMAINS_NEEDS_REVIEW","One or more required authority gates remain unresolved","facility identity/address not confirmed by strong first-party authority"
"HGY_Yvk64SmAD8pm5EDZ2m9rR02Cx","オレンジセオリーフィットネス自由が丘","POSTAL_AUTHORITY_GAP","https://www.orangetheoryfitness.co.jp/jiyugaoka/","1520035","東京都","目黒区","オレンジセオリーフィットネス自由が丘","","","hyrox-training-club-1520035","NEW_LOCATION_READY","Governing, facility, postal, coordinate, brand, and duplicate preconditions are complete",""
"HGY_YZfgVtrVZUDXC2kDU4ctStVOk","Beequick Fitness　Iga Ninjyanosato","POSTAL_AUTHORITY_GAP","https://www.beequick.jp/location/iganinjanosato/","5180820","三重県","伊賀市","Beequick Fitness　Iga Ninjyanosato","","","beequick-fitness-iga-ninjyanosato","NEW_LOCATION_READY","Governing, facility, postal, coordinate, brand, and duplicate preconditions are complete",""
"HGY_zCI5QN1QMpQrhFiHusfxjG91Z","KJ PERFORMANCE GYM","POSTAL_AUTHORITY_GAP","https://www.kjperformancegym.com/","1420062","東京都","品川区","KJ PERFORMANCE GYM","","","kj-performance-gym-1420062","NEW_LOCATION_READY","Governing, facility, postal, coordinate, brand, and duplicate preconditions are complete",""
"HGY_ZNrEPR3JKwl8MjuiitlbezA4t","WELL KNOT OSAKA","MISSING_OFFICIAL_URL","","5340025","大阪府","大阪市都島区","WELL KNOT OSAKA","","","","REMAINS_NEEDS_REVIEW","One or more required authority gates remain unresolved","facility identity/address not confirmed by strong first-party authority; reliable facility-specific authority URL missing"
"HGY_zsBreyuNEeHdShUZ5TNS4IqCd","BLUE FITNESS 24 ＋studio KACHIDOKI","MISSING_OFFICIAL_URL","","1040054","東京都","中央区","BLUE FITNESS 24 ＋studio KACHIDOKI","","","","REMAINS_NEEDS_REVIEW","One or more required authority gates remain unresolved","facility identity/address not confirmed by strong first-party authority; reliable facility-specific authority URL missing"
"HGY_zT38XocZWjN6x2A45PNSfsasN","Coone Fitness","IDENTITY_ADDRESS_INSUFFICIENT","https://coonecamp.jp/","3300845","埼玉県","さいたま市大宮区","Coone Fitness","","","","REMAINS_NEEDS_REVIEW","One or more required authority gates remain unresolved","facility identity/address not confirmed by strong first-party authority"
