target_type,target_ref,location_id,hgy_id,target_slug,source_ref,last_confirmed_at,stale_at,evidence_hash
equipment,equipment:295cc8bc-32d9-48f4-8b79-b2f18e85cd78:farmers-carry-implements,295cc8bc-32d9-48f4-8b79-b2f18e85cd78,HGY_n4xTGpLhdouLv9TzuLk2J1OoV,farmers-carry-implements,source:HGY_n4xTGpLhdouLv9TzuLk2J1OoV:otf-hyrox,2026-08-30T09:20:04Z,2027-02-26T09:20:04.000Z,c9c5b17db900e09953ee266a2cee2f3132a9a142abfb55a59eef41a4caccb0db
equipment,equipment:295cc8bc-32d9-48f4-8b79-b2f18e85cd78:row-erg,295cc8bc-32d9-48f4-8b79-b2f18e85cd78,HGY_n4xTGpLhdouLv9TzuLk2J1OoV,row-erg,source:HGY_n4xTGpLhdouLv9TzuLk2J1OoV:otf-hyrox,2026-08-30T09:20:04Z,2027-02-26T09:20:04.000Z,5c16d12acf37f02183f5ec2165ff8dd3a308927fdb0653e8c25273eca252e00e
equipment,equipment:295cc8bc-32d9-48f4-8b79-b2f18e85cd78:sandbag,295cc8bc-32d9-48f4-8b79-b2f18e85cd78,HGY_n4xTGpLhdouLv9TzuLk2J1OoV,sandbag,source:HGY_n4xTGpLhdouLv9TzuLk2J1OoV:otf-hyrox,2026-08-30T09:20:04Z,2027-02-26T09:20:04.000Z,da4b7e77434c89a5b96ad476834ae4fa52a240a936628c2ac4123664ad87941b
equipment,equipment:295cc8bc-32d9-48f4-8b79-b2f18e85cd78:treadmill,295cc8bc-32d9-48f4-8b79-b2f18e85cd78,HGY_n4xTGpLhdouLv9TzuLk2J1OoV,treadmill,source:HGY_n4xTGpLhdouLv9TzuLk2J1OoV:otf-hyrox,2026-08-30T09:20:04Z,2027-02-26T09:20:04.000Z,156992aec4c4e57fc9f09e9b8b999b4a1b011278de6aeb0de00f31c16c1e9d51
equipment,equipment:295cc8bc-32d9-48f4-8b79-b2f18e85cd78:weighted-sled,295cc8bc-32d9-48f4-8b79-b2f18e85cd78,HGY_n4xTGpLhdouLv9TzuLk2J1OoV,weighted-sled,source:HGY_n4xTGpLhdouLv9TzuLk2J1OoV:otf-hyrox,2026-08-30T09:20:04Z,2027-02-26T09:20:04.000Z,a52cef4aebe7095b8b246ece0ea137b20287927365cc1c7f98ace63ac3a40f75
equipment,equipment:4a0b9292-1283-49ac-a3b2-c7bd38133a31:farmers-carry-implements,4a0b9292-1283-49ac-a3b2-c7bd38133a31,HGY_u1B3yXynkPyPxOuTQPXyjceFr,farmers-carry-implements,source:HGY_u1B3yXynkPyPxOuTQPXyjceFr:freeletics-hyrox,2026-08-30T09:20:04Z,2027-02-26T09:20:04.000Z,7163d3cde6705d2ee21761ec62b181a660c3e5b32b110514779ae94486dc5b0c
equipment,equipment:4a0b9292-1283-49ac-a3b2-c7bd38133a31:row-erg,4a0b9292-1283-49ac-a3b2-c7bd38133a31,HGY_u1B3yXynkPyPxOuTQPXyjceFr,row-erg,source:HGY_u1B3yXynkPyPxOuTQPXyjceFr:freeletics-hyrox,2026-08-30T09:20:04Z,2027-02-26T09:20:04.000Z,90dafff7c53926ee86899577065ad9fa7b1e3a32dd27a87817c37d59c21dbcc6
equipment,equipment:4a0b9292-1283-49ac-a3b2-c7bd38133a31:sandbag,4a0b9292-1283-49ac-a3b2-c7bd38133a31,HGY_u1B3yXynkPyPxOuTQPXyjceFr,sandbag,source:HGY_u1B3yXynkPyPxOuTQPXyjceFr:freeletics-hyrox,2026-08-30T09:20:04Z,2027-02-26T09:20:04.000Z,9ab8930c87bb91b8d8214fc82b115e5203690a903e89129a73005befc5d12b01
equipment,equipment:4a0b9292-1283-49ac-a3b2-c7bd38133a31:ski-erg,4a0b9292-1283-49ac-a3b2-c7bd38133a31,HGY_u1B3yXynkPyPxOuTQPXyjceFr,ski-erg,source:HGY_u1B3yXynkPyPxOuTQPXyjceFr:freeletics-hyrox,2026-08-30T09:20:04Z,2027-02-26T09:20:04.000Z,18ca1ff431eab71a43c22c57a0c96e6adfdd33b29734bdb58fbef6575dbeb764
equipment,equipment:4a0b9292-1283-49ac-a3b2-c7bd38133a31:weighted-sled,4a0b9292-1283-49ac-a3b2-c7bd38133a31,HGY_u1B3yXynkPyPxOuTQPXyjceFr,weighted-sled,source:HGY_u1B3yXynkPyPxOuTQPXyjceFr:freeletics-hyrox,2026-08-30T09:20:04Z,2027-02-26T09:20:04.000Z,ae1d1c4ae6f8cd5cb9b3e2ee9848b18c202753e4f2b6c1a188ef60c58930781e
equipment,equipment:569aecf8-aa02-41da-b37a-7e2e20f160fb:farmers-carry-implements,569aecf8-aa02-41da-b37a-7e2e20f160fb,HGY_f2kvOaab0cCRi8pkmmU0AHBis,farmers-carry-implements,source:HGY_f2kvOaab0cCRi8pkmmU0AHBis:golds-hamamatsucho,2026-08-30T09:20:04Z,2027-02-26T09:20:04.000Z,a3788f38f45032f5cff997fd56bbfadf0040141e82e7905c3403492bd44783d5
equipment,equipment:569aecf8-aa02-41da-b37a-7e2e20f160fb:row-erg,569aecf8-aa02-41da-b37a-7e2e20f160fb,HGY_f2kvOaab0cCRi8pkmmU0AHBis,row-erg,source:HGY_f2kvOaab0cCRi8pkmmU0AHBis:golds-hamamatsucho,2026-08-30T09:20:04Z,2027-02-26T09:20:04.000Z,5345bfe08d986ddd3a5ecaac1721aa7d06d055695ec3ebbfc2978d4034d8764f
equipment,equipment:569aecf8-aa02-41da-b37a-7e2e20f160fb:sandbag,569aecf8-aa02-41da-b37a-7e2e20f160fb,HGY_f2kvOaab0cCRi8pkmmU0AHBis,sandbag,source:HGY_f2kvOaab0cCRi8pkmmU0AHBis:golds-hamamatsucho,2026-08-30T09:20:04Z,2027-02-26T09:20:04.000Z,8b00478f20c91c157289d538c5940c12b30116193b9bb70dd660c7a87a9bcf65
equipment,equipment:569aecf8-aa02-41da-b37a-7e2e20f160fb:ski-erg,569aecf8-aa02-41da-b37a-7e2e20f160fb,HGY_f2kvOaab0cCRi8pkmmU0AHBis,ski-erg,source:HGY_f2kvOaab0cCRi8pkmmU0AHBis:golds-hamamatsucho,2026-08-30T09:20:04Z,2027-02-26T09:20:04.000Z,8063b6b1c6d2f8958aaf1da49c8220c5dc1c1dca43e4b9bb45b79dc30fb46692
equipment,equipment:569aecf8-aa02-41da-b37a-7e2e20f160fb:treadmill,569aecf8-aa02-41da-b37a-7e2e20f160fb,HGY_f2kvOaab0cCRi8pkmmU0AHBis,treadmill,source:HGY_f2kvOaab0cCRi8pkmmU0AHBis:golds-hamamatsucho,2026-08-30T09:20:04Z,2027-02-26T09:20:04.000Z,f7b71f01c8aca9c73958bf24f687ce366b6f5c6d9fc3a168b87e0a51175f4641
equipment,equipment:569aecf8-aa02-41da-b37a-7e2e20f160fb:weighted-sled,569aecf8-aa02-41da-b37a-7e2e20f160fb,HGY_f2kvOaab0cCRi8pkmmU0AHBis,weighted-sled,source:HGY_f2kvOaab0cCRi8pkmmU0AHBis:golds-hamamatsucho,2026-08-30T09:20:04Z,2027-02-26T09:20:04.000Z,8cb017878430c1ca81a5127f8fd7e8258780ef745079f49fb0d79204218ae681
equipment,equipment:cc8f2cee-62bd-4756-abfd-5f1b27a9c9d4:farmers-carry-implements,cc8f2cee-62bd-4756-abfd-5f1b27a9c9d4,HGY_0PfI4t6UgVADRV7RfgXX48PR8,farmers-carry-implements,source:HGY_0PfI4t6UgVADRV7RfgXX48PR8:field-hyrox,2026-08-30T09:20:04Z,2027-02-26T09:20:04.000Z,cfbeed3e95f9f0d2a2ad6ad6e0052af5ec4421d5b34f5daf5becfeb8efc619a4
equipment,equipment:cc8f2cee-62bd-4756-abfd-5f1b27a9c9d4:row-erg,cc8f2cee-62bd-4756-abfd-5f1b27a9c9d4,HGY_0PfI4t6UgVADRV7RfgXX48PR8,row-erg,source:HGY_0PfI4t6UgVADRV7RfgXX48PR8:field-hyrox,2026-08-30T09:20:04Z,2027-02-26T09:20:04.000Z,d513731f09390652d1788103e36c67770e8e3778784cf62b8f5e91a9a6b62adc
equipment,equipment:cc8f2cee-62bd-4756-abfd-5f1b27a9c9d4:sandbag,cc8f2cee-62bd-4756-abfd-5f1b27a9c9d4,HGY_0PfI4t6UgVADRV7RfgXX48PR8,sandbag,source:HGY_0PfI4t6UgVADRV7RfgXX48PR8:field-hyrox,2026-08-30T09:20:04Z,2027-02-26T09:20:04.000Z,02c2f4b54c4a2f660f6d33e9a3b1c7b467de37461a9152160c6838128be9270c
equipment,equipment:cc8f2cee-62bd-4756-abfd-5f1b27a9c9d4:ski-erg,cc8f2cee-62bd-4756-abfd-5f1b27a9c9d4,HGY_0PfI4t6UgVADRV7RfgXX48PR8,ski-erg,source:HGY_0PfI4t6UgVADRV7RfgXX48PR8:field-hyrox,2026-08-30T09:20:04Z,2027-02-26T09:20:04.000Z,f6ff92437e948b5d874b85a06ecde432bd427d45e1a267a11665c47da836fa48
equipment,equipment:cc8f2cee-62bd-4756-abfd-5f1b27a9c9d4:wall-ball-target,cc8f2cee-62bd-4756-abfd-5f1b27a9c9d4,HGY_0PfI4t6UgVADRV7RfgXX48PR8,wall-ball-target,source:HGY_0PfI4t6UgVADRV7RfgXX48PR8:field-hyrox,2026-08-30T09:20:04Z,2027-02-26T09:20:04.000Z,53ed979eab578a530745877a54f74264bd4974077911be463b9f37f2dc5deb40
equipment,equipment:cc8f2cee-62bd-4756-abfd-5f1b27a9c9d4:weighted-sled,cc8f2cee-62bd-4756-abfd-5f1b27a9c9d4,HGY_0PfI4t6UgVADRV7RfgXX48PR8,weighted-sled,source:HGY_0PfI4t6UgVADRV7RfgXX48PR8:field-hyrox,2026-08-30T09:20:04Z,2027-02-26T09:20:04.000Z,e3c40e8c2058a91711ef12b08c2eb9fa15fd1da59302af6f74eca9afa7839a1f
equipment,equipment:d75c411f-2b58-476d-aa68-f7bde9000002:farmers-carry-implements,d75c411f-2b58-476d-aa68-f7bde9000002,HGY_HfEQpiP2Ha2HB3HYzCFuZJA7R,farmers-carry-implements,source:HGY_HfEQpiP2Ha2HB3HYzCFuZJA7R:golds-toyocho,2026-08-30T09:20:04Z,2027-02-26T09:20:04.000Z,d1230b66c2eb4f5e25b1efe61aa9c813c75e2882bd385d896a885086da58947d
equipment,equipment:d75c411f-2b58-476d-aa68-f7bde9000002:functional-training-lane,d75c411f-2b58-476d-aa68-f7bde9000002,HGY_HfEQpiP2Ha2HB3HYzCFuZJA7R,functional-training-lane,source:HGY_HfEQpiP2Ha2HB3HYzCFuZJA7R:golds-toyocho,2026-08-30T09:20:04Z,2027-02-26T09:20:04.000Z,1598d5f0e040df28c9720cec6f402dd7d9965500ff1658f9b8d8bf0fada754ce
equipment,equipment:d75c411f-2b58-476d-aa68-f7bde9000002:row-erg,d75c411f-2b58-476d-aa68-f7bde9000002,HGY_HfEQpiP2Ha2HB3HYzCFuZJA7R,row-erg,source:HGY_HfEQpiP2Ha2HB3HYzCFuZJA7R:golds-toyocho,2026-08-30T09:20:04Z,2027-02-26T09:20:04.000Z,55f5a6babccf307101780d8e7686e85d8b47ae166a8494a8afb849f3aba00633
equipment,equipment:d75c411f-2b58-476d-aa68-f7bde9000002:running-track,d75c411f-2b58-476d-aa68-f7bde9000002,HGY_HfEQpiP2Ha2HB3HYzCFuZJA7R,running-track,source:HGY_HfEQpiP2Ha2HB3HYzCFuZJA7R:golds-toyocho,2026-08-30T09:20:04Z,2027-02-26T09:20:04.000Z,3a751b98a9caa9bf53831435d8e89ca9cc7678c71a2d5321e711f8ef025444e7
equipment,equipment:d75c411f-2b58-476d-aa68-f7bde9000002:sandbag,d75c411f-2b58-476d-aa68-f7bde9000002,HGY_HfEQpiP2Ha2HB3HYzCFuZJA7R,sandbag,source:HGY_HfEQpiP2Ha2HB3HYzCFuZJA7R:golds-toyocho,2026-08-30T09:20:04Z,2027-02-26T09:20:04.000Z,0231fd4d086e5de00f2922707e40f5556b61349bf7d45e2477c1e7b15dd16e21
equipment,equipment:d75c411f-2b58-476d-aa68-f7bde9000002:treadmill,d75c411f-2b58-476d-aa68-f7bde9000002,HGY_HfEQpiP2Ha2HB3HYzCFuZJA7R,treadmill,source:HGY_HfEQpiP2Ha2HB3HYzCFuZJA7R:golds-toyocho,2026-08-30T09:20:04Z,2027-02-26T09:20:04.000Z,306884a3dced03bb53efb505f48fe4113f9294f8845fd33d879a912f841aab8c
equipment,equipment:d75c411f-2b58-476d-aa68-f7bde9000002:weighted-sled,d75c411f-2b58-476d-aa68-f7bde9000002,HGY_HfEQpiP2Ha2HB3HYzCFuZJA7R,weighted-sled,source:HGY_HfEQpiP2Ha2HB3HYzCFuZJA7R:golds-toyocho,2026-08-30T09:20:04Z,2027-02-26T09:20:04.000Z,aaa3168108c8af1cf7a2d2ceef871c2559a500ece285c9b0d764c2d617f89d55
equipment,equipment:eae47de3-da8a-4f5e-8cdf-444bb413b90c:farmers-carry-implements,eae47de3-da8a-4f5e-8cdf-444bb413b90c,HGY_e0rqkrg7L4ataPZD4gGoOL0W9,farmers-carry-implements,source:HGY_e0rqkrg7L4ataPZD4gGoOL0W9:ufc-yoga-hyrox,2026-08-30T09:20:04Z,2027-02-26T09:20:04.000Z,01bf8eb17130fd936038235bd99dcecbb5f9cd1a98f7fa3f117a0a6fe707d034
equipment,equipment:eae47de3-da8a-4f5e-8cdf-444bb413b90c:functional-training-lane,eae47de3-da8a-4f5e-8cdf-444bb413b90c,HGY_e0rqkrg7L4ataPZD4gGoOL0W9,functional-training-lane,source:HGY_e0rqkrg7L4ataPZD4gGoOL0W9:ufc-yoga-hyrox,2026-08-30T09:20:04Z,2027-02-26T09:20:04.000Z,bd42a013cfa66a7abc8ac2c13b9e4ac721321bc3c3108ff08ce79f5412470948
equipment,equipment:eae47de3-da8a-4f5e-8cdf-444bb413b90c:row-erg,eae47de3-da8a-4f5e-8cdf-444bb413b90c,HGY_e0rqkrg7L4ataPZD4gGoOL0W9,row-erg,source:HGY_e0rqkrg7L4ataPZD4gGoOL0W9:ufc-yoga-hyrox,2026-08-30T09:20:04Z,2027-02-26T09:20:04.000Z,278d387c7db950ea456158e9ff551051a8172fb472f852e06db4dea9cd8951a1
equipment,equipment:eae47de3-da8a-4f5e-8cdf-444bb413b90c:sandbag,eae47de3-da8a-4f5e-8cdf-444bb413b90c,HGY_e0rqkrg7L4ataPZD4gGoOL0W9,sandbag,source:HGY_e0rqkrg7L4ataPZD4gGoOL0W9:ufc-yoga-hyrox,2026-08-30T09:20:04Z,2027-02-26T09:20:04.000Z,d2d5a9b0928999ffb196abe63d4f1f01234102a3a3f35f385b0c6314988902f5
equipment,equipment:eae47de3-da8a-4f5e-8cdf-444bb413b90c:ski-erg,eae47de3-da8a-4f5e-8cdf-444bb413b90c,HGY_e0rqkrg7L4ataPZD4gGoOL0W9,ski-erg,source:HGY_e0rqkrg7L4ataPZD4gGoOL0W9:ufc-yoga-hyrox,2026-08-30T09:20:04Z,2027-02-26T09:20:04.000Z,a79e21f7f34130494a5c82dc5a570a39be33e24c9a2cc254e5ea3930f6d63a87
equipment,equipment:eae47de3-da8a-4f5e-8cdf-444bb413b90c:wall-ball-target,eae47de3-da8a-4f5e-8cdf-444bb413b90c,HGY_e0rqkrg7L4ataPZD4gGoOL0W9,wall-ball-target,source:HGY_e0rqkrg7L4ataPZD4gGoOL0W9:ufc-yoga-hyrox,2026-08-30T09:20:04Z,2027-02-26T09:20:04.000Z,d59646347c08ac36ddf3419bcfc81fa4c6e46a9cfd533e66aa6baabba7d52532
equipment,equipment:eae47de3-da8a-4f5e-8cdf-444bb413b90c:weighted-sled,eae47de3-da8a-4f5e-8cdf-444bb413b90c,HGY_e0rqkrg7L4ataPZD4gGoOL0W9,weighted-sled,source:HGY_e0rqkrg7L4ataPZD4gGoOL0W9:ufc-yoga-hyrox,2026-08-30T09:20:04Z,2027-02-26T09:20:04.000Z,98aa35555217a3d3e50b1bd26e732c0ab5ad0361764522f1a87f0da39db1c314
capability,capability:295cc8bc-32d9-48f4-8b79-b2f18e85cd78:competition-simulation,295cc8bc-32d9-48f4-8b79-b2f18e85cd78,HGY_n4xTGpLhdouLv9TzuLk2J1OoV,competition-simulation,source:HGY_n4xTGpLhdouLv9TzuLk2J1OoV:otf-hyrox,2026-08-30T09:20:04Z,2026-09-29T09:20:04.000Z,70e586116293334f86ddec5e4ea1fecd672e8585e179fbddf1d02c19a79e7d2d
capability,capability:295cc8bc-32d9-48f4-8b79-b2f18e85cd78:discipline-coaching,295cc8bc-32d9-48f4-8b79-b2f18e85cd78,HGY_n4xTGpLhdouLv9TzuLk2J1OoV,discipline-coaching,source:HGY_n4xTGpLhdouLv9TzuLk2J1OoV:otf-hyrox,2026-08-30T09:20:04Z,2026-11-28T09:20:04.000Z,b6c57de538121eed930c27f5b7f53e7ba7ae8ba0f0a41dc417ac3904e2f10196
capability,capability:4a0b9292-1283-49ac-a3b2-c7bd38133a31:discipline-coaching,4a0b9292-1283-49ac-a3b2-c7bd38133a31,HGY_u1B3yXynkPyPxOuTQPXyjceFr,discipline-coaching,source:HGY_u1B3yXynkPyPxOuTQPXyjceFr:freeletics-hyrox,2026-08-30T09:20:04Z,2026-11-28T09:20:04.000Z,013fbb8b8ed2373d5009d308604c1baa4715bd16eb8d5a319aa76dd8baf1bdc7
capability,capability:5326a371-18d2-4c51-9109-e59242521f16:discipline-coaching,5326a371-18d2-4c51-9109-e59242521f16,HGY_c816ru6QeTv14At3O51pjK8au,discipline-coaching,source:HGY_c816ru6QeTv14At3O51pjK8au:takamatsu-hyrox,2026-08-30T09:20:04Z,2026-11-28T09:20:04.000Z,eb80c2daf993749c5156b270c385869955dbf65e166b6d4b7cd1c8a59f034548
capability,capability:569aecf8-aa02-41da-b37a-7e2e20f160fb:discipline-coaching,569aecf8-aa02-41da-b37a-7e2e20f160fb,HGY_f2kvOaab0cCRi8pkmmU0AHBis,discipline-coaching,source:HGY_f2kvOaab0cCRi8pkmmU0AHBis:golds-hamamatsucho,2026-08-30T09:20:04Z,2026-11-28T09:20:04.000Z,1116ba5336cdfb5db24c236cacecf0b50d43b9ab19a18fd929a271a12ec9c866
capability,capability:99abe458-52ae-44a4-8f1a-3f747ff9bfb8:discipline-coaching,99abe458-52ae-44a4-8f1a-3f747ff9bfb8,HGY_7FDA3W6p88v6evTHGBhfHFrvP,discipline-coaching,source:HGY_7FDA3W6p88v6evTHGBhfHFrvP:luaana-home,2026-08-30T09:20:04Z,2026-11-28T09:20:04.000Z,987e117466d594ba01b289758c916a2ec551aa9bba6f8c509864fe3114a133c2
capability,capability:99abe458-52ae-44a4-8f1a-3f747ff9bfb8:open-training,99abe458-52ae-44a4-8f1a-3f747ff9bfb8,HGY_7FDA3W6p88v6evTHGBhfHFrvP,open-training,source:HGY_7FDA3W6p88v6evTHGBhfHFrvP:luaana-home,2026-08-30T09:20:04Z,2026-11-28T09:20:04.000Z,8e517f8f5274473cfbef31f63247d758a2deb40e23aa419d7e352b79328dfa7f
capability,capability:c629c669-807e-4467-b638-cb1f97df8975:discipline-coaching,c629c669-807e-4467-b638-cb1f97df8975,HGY_1kQTLdyeblDc6Nbt13qiH5oib,discipline-coaching,source:HGY_1kQTLdyeblDc6Nbt13qiH5oib:restore-class,2026-08-30T09:20:04Z,2026-11-28T09:20:04.000Z,886528fe17081b4623e8803c24748e9810603722c05c1a51856b1e4f4c2d8b33
capability,capability:c629c669-807e-4467-b638-cb1f97df8975:open-training,c629c669-807e-4467-b638-cb1f97df8975,HGY_1kQTLdyeblDc6Nbt13qiH5oib,open-training,source:HGY_1kQTLdyeblDc6Nbt13qiH5oib:restore-dropin,2026-08-30T09:20:04Z,2026-11-28T09:20:04.000Z,11f58b580037ec8ab04f3cbb55839903b30eb53eb995677f66e766535c120e32
capability,capability:cc8f2cee-62bd-4756-abfd-5f1b27a9c9d4:competition-simulation,cc8f2cee-62bd-4756-abfd-5f1b27a9c9d4,HGY_0PfI4t6UgVADRV7RfgXX48PR8,competition-simulation,source:HGY_0PfI4t6UgVADRV7RfgXX48PR8:field-hyrox,2026-08-30T09:20:04Z,2026-09-29T09:20:04.000Z,c2a5597ac3215d0bda98f4316dbb51071b6560a1bfabb89cd23e113461eda16f
capability,capability:cc8f2cee-62bd-4756-abfd-5f1b27a9c9d4:discipline-coaching,cc8f2cee-62bd-4756-abfd-5f1b27a9c9d4,HGY_0PfI4t6UgVADRV7RfgXX48PR8,discipline-coaching,source:HGY_0PfI4t6UgVADRV7RfgXX48PR8:field-hyrox,2026-08-30T09:20:04Z,2026-11-28T09:20:04.000Z,9557d8f3e5787b1023d2890e9878f4e3a7d2bcdab48919e3da2eb0d12276fa56
capability,capability:d75c411f-2b58-476d-aa68-f7bde9000002:open-training,d75c411f-2b58-476d-aa68-f7bde9000002,HGY_HfEQpiP2Ha2HB3HYzCFuZJA7R,open-training,source:HGY_HfEQpiP2Ha2HB3HYzCFuZJA7R:golds-toyocho,2026-08-30T09:20:04Z,2026-11-28T09:20:04.000Z,c1f79edc8d2f09d2114f289a797c7f34cde4cac3826ef2fd5b2942becc701795
capability,capability:d75c411f-2b58-476d-aa68-f7bde9000002:sled-push-pull-space,d75c411f-2b58-476d-aa68-f7bde9000002,HGY_HfEQpiP2Ha2HB3HYzCFuZJA7R,sled-push-pull-space,source:HGY_HfEQpiP2Ha2HB3HYzCFuZJA7R:golds-toyocho,2026-08-30T09:20:04Z,2026-11-28T09:20:04.000Z,b4b22c462a1e70cc80a531b125db46bcc6736a5450b75ac71f1d72a7079b8b25
capability,capability:eae47de3-da8a-4f5e-8cdf-444bb413b90c:discipline-coaching,eae47de3-da8a-4f5e-8cdf-444bb413b90c,HGY_e0rqkrg7L4ataPZD4gGoOL0W9,discipline-coaching,source:HGY_e0rqkrg7L4ataPZD4gGoOL0W9:ufc-yoga-hyrox,2026-08-30T09:20:04Z,2026-11-28T09:20:04.000Z,b193913d5a69878b1bcbd701f6ba394db4a346d5510ed5d711a82773acff0b36
capability,capability:eae47de3-da8a-4f5e-8cdf-444bb413b90c:open-training,eae47de3-da8a-4f5e-8cdf-444bb413b90c,HGY_e0rqkrg7L4ataPZD4gGoOL0W9,open-training,source:HGY_e0rqkrg7L4ataPZD4gGoOL0W9:ufc-yoga-hyrox,2026-08-30T09:20:04Z,2026-11-28T09:20:04.000Z,3e1951fe417d399cdfe14e9d3d36c3274edf7bd37c17dc091fc01b6d53b1d0d9
capability,capability:eae47de3-da8a-4f5e-8cdf-444bb413b90c:sled-push-pull-space,eae47de3-da8a-4f5e-8cdf-444bb413b90c,HGY_e0rqkrg7L4ataPZD4gGoOL0W9,sled-push-pull-space,source:HGY_e0rqkrg7L4ataPZD4gGoOL0W9:ufc-yoga-hyrox,2026-08-30T09:20:04Z,2026-11-28T09:20:04.000Z,69208cc7b6683922d8f984b77cec5fee7fa9cf3b7c3526ace891d828b8b54c66
