"official_name","official_external_id","official_address","official_source_url","gymmap_location_id","gymmap_slug","gymmap_name","resolution_status","match_method","score","coordinate_distance_meters","reasons","conflicts","manual_review_required"
"A Plus CrossFit Hommachi","HGY_ggiypcl6YAe0R2gIgSqkB9xwp","","https://hyrox-training-finder.hyrox.com/gym/HGY_ggiypcl6YAe0R2gIgSqkB9xwp","","","","SOURCE_INCOMPLETE","source-required-fields-missing","","","official source lacks stable identity, name, or usable location data","repeated coordinate without address treated as a source placeholder","true"
"A Plus CrossFit Takatsuki","HGY_vVcITNYTt6vBwAbMaLQj58wcw","5691121, Takatsuki, 1-15-22 Makamicho","https://hyrox-training-finder.hyrox.com/gym/HGY_vVcITNYTt6vBwAbMaLQj58wcw","","","","UNMATCHED","no-plausible-existing-location","","","","","true"
"ableize+","HGY_iZUzR5DRBK3M09AkhPf9nIWcF","460-0002, 名古屋市, 中区丸の内2-15-11","https://hyrox-training-finder.hyrox.com/gym/HGY_iZUzR5DRBK3M09AkhPf9nIWcF","","","","UNMATCHED","no-plausible-existing-location","","","","","true"
"Anim Movement Club","HGY_w1kFjCWRyoM7EmvP3I9DYLtEt","1560032, Setagaya, Daizawa2-40-10","https://hyrox-training-finder.hyrox.com/gym/HGY_w1kFjCWRyoM7EmvP3I9DYLtEt","","","","UNMATCHED","no-plausible-existing-location","","","","","true"
"ANYTIME FITNESS NAGAOKAKYO","HGY_IXvBUmAfS03dK1N7KeulKnC6O","6170826, 長岡京市, 開田4-22-5","https://hyrox-training-finder.hyrox.com/gym/HGY_IXvBUmAfS03dK1N7KeulKnC6O","","","","UNMATCHED","no-plausible-existing-location","","","","","true"
"Anytimefitness Urawanakao","HGY_tvAvxxWuvtyhwO9dVyMWgnozo","336-0932, Nakao, Midori-ku, Saitama-shi,Saitama, 524-1","https://hyrox-training-finder.hyrox.com/gym/HGY_tvAvxxWuvtyhwO9dVyMWgnozo","","","","UNMATCHED","no-plausible-existing-location","35","1377.3281267036305","postal code exact; prefecture exact","","true"
"ARQ","HGY_AtvMure1xIvHhFKf1bEcOksKK","1020074, Tokyo, Kudanshita Minami 2-3-23","https://hyrox-training-finder.hyrox.com/gym/HGY_AtvMure1xIvHhFKf1bEcOksKK","","","","UNMATCHED","no-plausible-existing-location","10","889.3094029575997","prefecture exact; coordinates within 1km","","true"
"B-fitPrime服部緑地","HGY_sm5NKgjNHsZ3iblInhUUK5sXp","561-0873, 大阪府, 大阪府豊中市服部緑地1番68号SPA&SAUNA水春服部緑地1F","https://hyrox-training-finder.hyrox.com/gym/HGY_sm5NKgjNHsZ3iblInhUUK5sXp","","","","UNMATCHED","no-plausible-existing-location","","","","","true"
"B-Revolution×溝の口整体院","HGY_wre6YfUPBNkfwFN4kIJmeR5gk","213-0001, 神奈川県, 川崎市, 高津区溝の口 3-9-3佐保田ビルB1","https://hyrox-training-finder.hyrox.com/gym/HGY_wre6YfUPBNkfwFN4kIJmeR5gk","","","","UNMATCHED","no-plausible-existing-location","47","434.2874025110908","postal code exact; prefecture exact; coordinates within 500m","","true"
"BANYAN ROOTS Fitness","HGY_qaUKe9XHM4Dt1rhd2sHFQEumQ","9012401, 中頭郡中城村, 久場1955","https://hyrox-training-finder.hyrox.com/gym/HGY_qaUKe9XHM4Dt1rhd2sHFQEumQ","","","","UNMATCHED","no-plausible-existing-location","","","","","true"
"Beequick Fitness　Fuji imaizumi","HGY_KXsKkigAHxENjfO8pM4ocl6FF","417-0001, Fuji-shi, imaizumi3-5-1","https://hyrox-training-finder.hyrox.com/gym/HGY_KXsKkigAHxENjfO8pM4ocl6FF","","","","UNMATCHED","no-plausible-existing-location","","","","","true"
"Beequick Fitness　Iga Ninjyanosato","HGY_YZfgVtrVZUDXC2kDU4ctStVOk","518-0820, iga-shi, hiranonishimachi63","https://hyrox-training-finder.hyrox.com/gym/HGY_YZfgVtrVZUDXC2kDU4ctStVOk","","","","UNMATCHED","no-plausible-existing-location","","","","","true"
"Beequick Fitness　Kasugai  oshisawadai","HGY_sbFQoJaYts6eUUShzWUC6e8sv","487-0005, Aichi-ken Kasugai-shi, Oshisawadai 1-7-24","https://hyrox-training-finder.hyrox.com/gym/HGY_sbFQoJaYts6eUUShzWUC6e8sv","","","","UNMATCHED","no-plausible-existing-location","","","","","true"
"Beequick Fitness　Koshigaya","HGY_8H50Rl3LSNsoSHxOxOIoY5UYN","343-0812, Saitama-ken koshigaya-shi, 1-16-6","https://hyrox-training-finder.hyrox.com/gym/HGY_8H50Rl3LSNsoSHxOxOIoY5UYN","","","","UNMATCHED","no-plausible-existing-location","","","","","true"
"Beequick Fitness　Sanda","HGY_e48JpyZiFH8V9aqp7zJ8ouQju","669-1321, Hyogo-ken Sanda-shi, keyakidai 1-6-2","https://hyrox-training-finder.hyrox.com/gym/HGY_e48JpyZiFH8V9aqp7zJ8ouQju","","","","UNMATCHED","no-plausible-existing-location","","","","","true"
"Beequick Fitness　Tateyama","HGY_hh2gFINyLgIbu8P1uFb9ChYf1","294-0047, Chiba-ken Tateyama-shi, Yawata 545-1","https://hyrox-training-finder.hyrox.com/gym/HGY_hh2gFINyLgIbu8P1uFb9ChYf1","","","","UNMATCHED","no-plausible-existing-location","","","","","true"
"Beequick Kyotango","HGY_VNYgC17BsAJ3cLgavQTUPCgay","627-0005, Kyoto-fu kyotango-shi, mineyamachoshinmachi 1981-1","https://hyrox-training-finder.hyrox.com/gym/HGY_VNYgC17BsAJ3cLgavQTUPCgay","","","","UNMATCHED","no-plausible-existing-location","","","","","true"
"BEYOND山形店","HGY_Ct7U9fHhZ9namSPnoClvfxBCd","9900054, 山形市, 六日町６－４０　スペースYOU１F","https://hyrox-training-finder.hyrox.com/gym/HGY_Ct7U9fHhZ9namSPnoClvfxBCd","","","","UNMATCHED","no-plausible-existing-location","","","","","true"
"BEYOND浜松店","HGY_A6L66KJGjc8HfLRFmuyJgBMyQ","4300924, 静岡県浜松市, 中央区龍禅寺町７４−１ フジビル 101","https://hyrox-training-finder.hyrox.com/gym/HGY_A6L66KJGjc8HfLRFmuyJgBMyQ","","","","UNMATCHED","no-plausible-existing-location","","","","","true"
"BEYOND名古屋駅前店","HGY_svy8leyzBW7DDaBLq57FWuNot","450-0003, 名古屋市, 中村区名駅南1丁目18−11   1F","https://hyrox-training-finder.hyrox.com/gym/HGY_svy8leyzBW7DDaBLq57FWuNot","","","","UNMATCHED","no-plausible-existing-location","","","","","true"
"BLUE FITNESS 24 ＋studio KACHIDOKI","HGY_zsBreyuNEeHdShUZ5TNS4IqCd","104-0054, Chuo-ku, 1-13-1 Kachidoki","https://hyrox-training-finder.hyrox.com/gym/HGY_zsBreyuNEeHdShUZ5TNS4IqCd","","","","UNMATCHED","no-plausible-existing-location","","","","","true"
"BRC Hyrox Training Club","HGY_KfmsGVY1O0Uo5HUJvnNoeyQvc","5640073, 吹田市, 山手町2-7-7 ドミニオン豊津Ⅱ","https://hyrox-training-finder.hyrox.com/gym/HGY_KfmsGVY1O0Uo5HUJvnNoeyQvc","","","","UNMATCHED","no-plausible-existing-location","","","","","true"
"Bright Enoshima | HYROX","HGY_Sb90tuf5xROH384KcSvEVpVhk","248-0033, Kamakura, 鎌倉市腰越3-14-4","https://hyrox-training-finder.hyrox.com/gym/HGY_Sb90tuf5xROH384KcSvEVpVhk","","","","UNMATCHED","no-plausible-existing-location","","","","","true"
"Buddytraining","HGY_ubYkZjWhnTcLhpmaPlOYYfzRe","1500012, tokyo, 広尾５丁目1-43 広尾ZERO 402号室","https://hyrox-training-finder.hyrox.com/gym/HGY_ubYkZjWhnTcLhpmaPlOYYfzRe","","","","UNMATCHED","no-plausible-existing-location","17","488.44267544819377","prefecture exact; coordinates within 500m","","true"
"CLUB 360","HGY_4GF2DeDJoIzNRU4jn9scAv65V","106-0046, Minato City, Vort Building B1","https://hyrox-training-finder.hyrox.com/gym/HGY_4GF2DeDJoIzNRU4jn9scAv65V","","","","UNMATCHED","no-plausible-existing-location","5","766.4733262832929","coordinates within 1km","","true"
"CONDITIONNING LAB SYNE","HGY_HjNdQDAfuWv7EMnLQgF19CxlE","1900023, Tachikawashi, Shjisbasakichou2-7-9 Shibasakibiru 1F","https://hyrox-training-finder.hyrox.com/gym/HGY_HjNdQDAfuWv7EMnLQgF19CxlE","","","","UNMATCHED","no-plausible-existing-location","5","768.1609487548585","coordinates within 1km","","true"
"Coone Fitness","HGY_zT38XocZWjN6x2A45PNSfsasN","3300845, Omiya-ku, Saitama, 3-48-2 Nakacho","https://hyrox-training-finder.hyrox.com/gym/HGY_zT38XocZWjN6x2A45PNSfsasN","","","","UNMATCHED","no-plausible-existing-location","10","536.5934097345228","prefecture exact; coordinates within 1km","","true"
"CrossFit  SETAGAYA","HGY_RFVnw99mAdpSM2kA6DzbK0fwO","154-0023, TOKYO, Setagaya-ku Wakabayashi1-18-10 Keihann setagaya bld.1FB","https://hyrox-training-finder.hyrox.com/gym/HGY_RFVnw99mAdpSM2kA6DzbK0fwO","","","","UNMATCHED","no-plausible-existing-location","10","677.7796493719906","prefecture exact; coordinates within 1km","","true"
"CrossFit Akishima","HGY_6rCibgocfTV5DdTP0kMLBJYgI","","https://hyrox-training-finder.hyrox.com/gym/HGY_6rCibgocfTV5DdTP0kMLBJYgI","","","","SOURCE_INCOMPLETE","source-required-fields-missing","","","official source lacks stable identity, name, or usable location data","repeated coordinate without address treated as a source placeholder","true"
"CrossFit Amagasaki","HGY_JCa2wmnnXSkHcguScx2Fg9XC8","6600807, Hyogo, Amagasaki, Nagasu nishidori 1-13-7","https://hyrox-training-finder.hyrox.com/gym/HGY_JCa2wmnnXSkHcguScx2Fg9XC8","","","","UNMATCHED","no-plausible-existing-location","","","","","true"
"CrossFit Ashiya","HGY_Cl8QF5olON4Y0D7mho4iGg34L","659-0013, Ashiya,HYOGO, 7-5 Iwazono-cho","https://hyrox-training-finder.hyrox.com/gym/HGY_Cl8QF5olON4Y0D7mho4iGg34L","","","","UNMATCHED","no-plausible-existing-location","","","","","true"
"CrossFit BLACK SHIPS Yoyogi","HGY_0hcQxD0lEs6uGzrO1bkUNloBK","","https://hyrox-training-finder.hyrox.com/gym/HGY_0hcQxD0lEs6uGzrO1bkUNloBK","","","","SOURCE_INCOMPLETE","source-required-fields-missing","","","official source lacks stable identity, name, or usable location data","repeated coordinate without address treated as a source placeholder","true"
"CrossFit HACHINOHE","HGY_lwpXrLrYAf54nYkeLjskEjvLj","","https://hyrox-training-finder.hyrox.com/gym/HGY_lwpXrLrYAf54nYkeLjskEjvLj","","","","SOURCE_INCOMPLETE","source-required-fields-missing","","","official source lacks stable identity, name, or usable location data","repeated coordinate without address treated as a source placeholder","true"
"CrossFit Hakata Shingu","HGY_wKwr756BgwTwHLwcICNji4PJx","8110101, Fukuoka, 1793-7 harugami  Oaza Shingumachi kasuyagun","https://hyrox-training-finder.hyrox.com/gym/HGY_wKwr756BgwTwHLwcICNji4PJx","","","","UNMATCHED","no-plausible-existing-location","","","","","true"
"CrossFit HAYATE","HGY_bflglCfjg61ogQkThSd1y80Jn","4560057, Aichi, Nagoya, C204 9 goban-cho Atsuta-ku","https://hyrox-training-finder.hyrox.com/gym/HGY_bflglCfjg61ogQkThSd1y80Jn","","","","UNMATCHED","no-plausible-existing-location","","","","","true"
"CrossFit HIZEN","HGY_wt2FkME6Jsbr4hE7OKMU6OGSc","","https://hyrox-training-finder.hyrox.com/gym/HGY_wt2FkME6Jsbr4hE7OKMU6OGSc","","","","SOURCE_INCOMPLETE","source-required-fields-missing","","","official source lacks stable identity, name, or usable location data","repeated coordinate without address treated as a source placeholder","true"
"CrossFit ILF","HGY_i69hHLLmM3NSGkdz0T1eWSTAL","901-0416, Shimajiri, Shimajiri Gun Yaese Cho Gishi 578-1","https://hyrox-training-finder.hyrox.com/gym/HGY_i69hHLLmM3NSGkdz0T1eWSTAL","","","","UNMATCHED","no-plausible-existing-location","","","","","true"
"CrossFit Kamuy","HGY_GjdVGIybcOjSedJ9IQ6fDsZPv","220-0073, Yokohama, 2-11-9 Okano Nishiku","https://hyrox-training-finder.hyrox.com/gym/HGY_GjdVGIybcOjSedJ9IQ6fDsZPv","","","","UNMATCHED","no-plausible-existing-location","5","869.8963745685163","coordinates within 1km","","true"
"CrossFit Kofu","HGY_TKMAq3PiVcrsYG5AUGSG5qZEN","400-0053, Kofu-shi,, 1490-3 Osatocho","https://hyrox-training-finder.hyrox.com/gym/HGY_TKMAq3PiVcrsYG5AUGSG5qZEN","","","","UNMATCHED","no-plausible-existing-location","","","","","true"
"CrossFit Kumamoto","HGY_kCFMRp8Q0qOkn2iMEYikZq4Kg","8600822, Kumamoto, 331-1 Motoyamamachi Chuo-ku","https://hyrox-training-finder.hyrox.com/gym/HGY_kCFMRp8Q0qOkn2iMEYikZq4Kg","","","","UNMATCHED","no-plausible-existing-location","","","","","true"
"CrossFit LaughTale","HGY_adcia8OAJp5X8WGXh6WLfod8X","","https://hyrox-training-finder.hyrox.com/gym/HGY_adcia8OAJp5X8WGXh6WLfod8X","","","","SOURCE_INCOMPLETE","source-required-fields-missing","","","official source lacks stable identity, name, or usable location data","repeated coordinate without address treated as a source placeholder","true"
"CrossFit MACHIDA","HGY_DLjUhhRwnLvdG4hC8cXKSPzCq","1940022, Tokyo, 1-25-21 MORINO","https://hyrox-training-finder.hyrox.com/gym/HGY_DLjUhhRwnLvdG4hC8cXKSPzCq","","","","UNMATCHED","no-plausible-existing-location","17","304.9224734301744","prefecture exact; coordinates within 500m","","true"
"CrossFit Machiya","HGY_9poyQWuldcVuaHADNMHWTPRfQ","116-0002, Arakawa City, 荒川区荒川6－6－1","https://hyrox-training-finder.hyrox.com/gym/HGY_9poyQWuldcVuaHADNMHWTPRfQ","","","","UNMATCHED","no-plausible-existing-location","22","101.18024267510926","coordinates within 200m","","true"
"CrossFit Maebashi","HGY_Q9wSnuDBzGTAMCuDNjwoS0Qzp","","https://hyrox-training-finder.hyrox.com/gym/HGY_Q9wSnuDBzGTAMCuDNjwoS0Qzp","","","","SOURCE_INCOMPLETE","source-required-fields-missing","","","official source lacks stable identity, name, or usable location data","repeated coordinate without address treated as a source placeholder","true"
"CrossFit Matsumoto","HGY_minG8KdzMB6B4YLlOLzHWcOKn","3990036, matsumoto city, muraimachi minami 4-21-3 sinkou  building 1F west","https://hyrox-training-finder.hyrox.com/gym/HGY_minG8KdzMB6B4YLlOLzHWcOKn","","","","UNMATCHED","no-plausible-existing-location","","","","","true"
"CrossFit Mitaka","HGY_i9WQU37U4iMwhDulqaXJLnA2v","181-0013, Tokyo, B1F, Mitaka Center 2nd Building, 3-28-21 Shimorenjaku, Mitaka-shi","https://hyrox-training-finder.hyrox.com/gym/HGY_i9WQU37U4iMwhDulqaXJLnA2v","","","","UNMATCHED","no-plausible-existing-location","27","169.61371999103707","prefecture exact; coordinates within 200m","","true"
"CrossFit Motomachi","HGY_PHT5uoCZZO2tEyxMU4ImHO4EL","6500022, Kobe, Motomachi Plaza B1F-C, 2-9-1 Motomachi-dori, Chuo-ku,","https://hyrox-training-finder.hyrox.com/gym/HGY_PHT5uoCZZO2tEyxMU4ImHO4EL","","","","UNMATCHED","no-plausible-existing-location","","","","","true"
"CrossFit Nakamozu","HGY_JvN4Z8dSYs9ca9kzgNl28kWVL","591-8032, 堺市, 3-24-2,Mozuumemachi,Higashi-ward","https://hyrox-training-finder.hyrox.com/gym/HGY_JvN4Z8dSYs9ca9kzgNl28kWVL","","","","UNMATCHED","no-plausible-existing-location","","","","","true"
"Crossfit　NANIWA","HGY_o5GX6KcoT38x2OPnWOKNP2ebZ","","https://hyrox-training-finder.hyrox.com/gym/HGY_o5GX6KcoT38x2OPnWOKNP2ebZ","","","","SOURCE_INCOMPLETE","source-required-fields-missing","","","official source lacks stable identity, name, or usable location data","repeated coordinate without address treated as a source placeholder","true"
"CrossFit Otoyo Strength","HGY_Kg433w73iQIbSdY97CXEbzUk9","7890166, Kochi, 317-1 Higashidoi, Otoyo-cho, Nagaoka-gun","https://hyrox-training-finder.hyrox.com/gym/HGY_Kg433w73iQIbSdY97CXEbzUk9","","","","UNMATCHED","no-plausible-existing-location","","","","","true"
"CrossFit Otsuka","HGY_TG4052uDtmYS0I70ODdFi7704","1700004, Tokyo, 1-33-22 kitaotsuka,toshimaku","https://hyrox-training-finder.hyrox.com/gym/HGY_TG4052uDtmYS0I70ODdFi7704","","","","UNMATCHED","no-plausible-existing-location","57","129.66724090934437","postal code exact; prefecture exact; coordinates within 200m","","true"
"CrossFit Rakuhoku","HGY_GyudKibCcLKI0LIwxnYTcv2Te","606-8004, Kyoto, 7-1 Yamabanakawabatacho","https://hyrox-training-finder.hyrox.com/gym/HGY_GyudKibCcLKI0LIwxnYTcv2Te","","","","UNMATCHED","no-plausible-existing-location","","","","","true"
"CrossFit Takarazuka","HGY_lO4q9FsvCxkbgiBXhBLDbHDI0","665-0822, Takarazuka, 1-13-18 Akuranaka","https://hyrox-training-finder.hyrox.com/gym/HGY_lO4q9FsvCxkbgiBXhBLDbHDI0","","","","UNMATCHED","no-plausible-existing-location","","","","","true"
"Crossfit Uninterrupted","HGY_ygO9mHhu9Hbmoszq4sn4Z1Zw0","220-0012, Kanagawa, Pryme Coast Minatomirai 2K, 6-3-4 Minatomirai, Nishi-ku, Yokohama","https://hyrox-training-finder.hyrox.com/gym/HGY_ygO9mHhu9Hbmoszq4sn4Z1Zw0","","","","UNMATCHED","no-plausible-existing-location","10","992.7265770481076","prefecture exact; coordinates within 1km","","true"
"CrossFit Uninterrupted Collective","HGY_5aNZOChK8CavnIRpCdStNa0KU","158-0094, Setagaya City, 2-16-5 Tamagawa, Setagaya-ku","https://hyrox-training-finder.hyrox.com/gym/HGY_5aNZOChK8CavnIRpCdStNa0KU","","","","UNMATCHED","no-plausible-existing-location","12","217.86799995727299","coordinates within 500m","","true"
"CrossFit 松山","HGY_ilpB5BY0mpBU4wTEZgBbmetS7","791-8015, 松山市, 中央1−4−5","https://hyrox-training-finder.hyrox.com/gym/HGY_ilpB5BY0mpBU4wTEZgBbmetS7","","","","UNMATCHED","no-plausible-existing-location","","","","","true"
"crossfitokayama","HGY_w0fsND7jBYlmRipHytS9TFkH8","702-8011, Okayama-shi, Crossfitokayama 2978-8 Kori Minami-ku","https://hyrox-training-finder.hyrox.com/gym/HGY_w0fsND7jBYlmRipHytS9TFkH8","","","","UNMATCHED","no-plausible-existing-location","","","","","true"
"Deportare Club","HGY_odlnWDpLf7vstauEn9OOylTjB","1060041, 東京都港区, 麻布台一丁目3番1号 麻布台ヒルズ森JPタワー4階","https://hyrox-training-finder.hyrox.com/gym/HGY_odlnWDpLf7vstauEn9OOylTjB","","","","UNMATCHED","no-plausible-existing-location","17","449.96451855186325","prefecture exact; coordinates within 500m","","true"
"EastCoastPark","HGY_xyAU0lT9Vs7V3PVl1H9RJ5g1r","9840033, Sendai, Arahama Shinhoribata 1-3","https://hyrox-training-finder.hyrox.com/gym/HGY_xyAU0lT9Vs7V3PVl1H9RJ5g1r","","","","UNMATCHED","no-plausible-existing-location","","","","","true"
"EastWestFitness KURUME","HGY_EnJmYXh73oKQmm5xmUccqSkDT","","https://hyrox-training-finder.hyrox.com/gym/HGY_EnJmYXh73oKQmm5xmUccqSkDT","","","","SOURCE_INCOMPLETE","source-required-fields-missing","","","official source lacks stable identity, name, or usable location data","repeated coordinate without address treated as a source placeholder","true"
"ELEMENT 池尻大橋店","HGY_C71sb4HIOLDnsHEpGiA3caMOJ","153-0042, 東京都, 目黒区青葉台３丁目１２−７ モアリッシェル代官山青葉台 B1","https://hyrox-training-finder.hyrox.com/gym/HGY_C71sb4HIOLDnsHEpGiA3caMOJ","","","","UNMATCHED","no-plausible-existing-location","17","371.95491659274495","prefecture exact; coordinates within 500m","","true"
"ELITEGYM","HGY_mSkoLyCWJwPT39x02V3w0hu0t","5500005, Osaka, CEnishihonmachibuilding#102,1-7-7,Nishihonnmachi,Nishiku","https://hyrox-training-finder.hyrox.com/gym/HGY_mSkoLyCWJwPT39x02V3w0hu0t","","","","UNMATCHED","no-plausible-existing-location","","","","","true"
"ENZA HYROX TRAINING CLUB","HGY_oY9C1ywaWlEhDuOstuuQngXDg","2240036, 神奈川県横浜市, 都筑区葛が谷１４－７クレール関　B","https://hyrox-training-finder.hyrox.com/gym/HGY_oY9C1ywaWlEhDuOstuuQngXDg","","","","UNMATCHED","no-plausible-existing-location","","","","","true"
"F45 Training Hamamatsucho","HGY_DWTQ6FfFIG3fDJP1helxDpfmL","105-0013, Tokyo, Tokyo, Hamamatsucho 2-2-15 2F Minato-ku","https://hyrox-training-finder.hyrox.com/gym/HGY_DWTQ6FfFIG3fDJP1helxDpfmL","","","","UNMATCHED","no-plausible-existing-location","17","431.49212142677356","prefecture exact; coordinates within 500m","","true"
"FANTREPOT","HGY_AcmNmQZowUS3ehpJBjGOvQgRe","064-0805, 札幌市, 中央区南５条西８丁目９−１ 3F","https://hyrox-training-finder.hyrox.com/gym/HGY_AcmNmQZowUS3ehpJBjGOvQgRe","","","","UNMATCHED","no-plausible-existing-location","","","","","true"
"FITNESS CLUB EXE GYM HYROX","HGY_FiCZhKUENG3Vf6prJVC8KhpOK","5500002, 大阪市, 西区江戸堀1-10-8","https://hyrox-training-finder.hyrox.com/gym/HGY_FiCZhKUENG3Vf6prJVC8KhpOK","","","","UNMATCHED","no-plausible-existing-location","","","","","true"
"Fitness Studio YOU'phoria","HGY_vexROb0W8GM2zgqdqdysd1LYz","4640075, Nagoya-shi Aichi, 3-10-22 Uchiyama Chikusa-ku YAMATO Building 2F","https://hyrox-training-finder.hyrox.com/gym/HGY_vexROb0W8GM2zgqdqdysd1LYz","","","","UNMATCHED","no-plausible-existing-location","","","","","true"
"FITONE SHIBUYA","HGY_6lR3pcwsQaSGSlsQTdrNrO1jc","150-0011, Shibuya, 2-17-9 Higashi, Shibuya-ku","https://hyrox-training-finder.hyrox.com/gym/HGY_6lR3pcwsQaSGSlsQTdrNrO1jc","","","","UNMATCHED","no-plausible-existing-location","12","362.31744192646477","coordinates within 500m","","true"
"FORGE","HGY_9j7tOa1tFNd8qcCG1Wyo5FzJ6","4380071, Iwata-shi, 2-15-13 ,Imanoura","https://hyrox-training-finder.hyrox.com/gym/HGY_9j7tOa1tFNd8qcCG1Wyo5FzJ6","","","","UNMATCHED","no-plausible-existing-location","","","","","true"
"Freeletics Goals","HGY_u1B3yXynkPyPxOuTQPXyjceFr","231-0011, Yokohama, Kanagawa, SSKnot 1F  5-69 Otamachi Naka-ku","https://hyrox-training-finder.hyrox.com/gym/HGY_u1B3yXynkPyPxOuTQPXyjceFr","","","","UNMATCHED","no-plausible-existing-location","27","194.55319938312684","prefecture exact; coordinates within 200m","","true"
"FREESTYLE FITNESS","HGY_qOcqK0E94UdIHKuNFcMIRpvhf","650-0011, KOBE, 1F, Tofuku Building, 3-4-1 Shimoyamate-dori, Chuo-ku","https://hyrox-training-finder.hyrox.com/gym/HGY_qOcqK0E94UdIHKuNFcMIRpvhf","","","","UNMATCHED","no-plausible-existing-location","","","","","true"
"FUSION DEPOT","HGY_Rxuc4r6CblqlMkoKN4Qxk6tJG","","https://hyrox-training-finder.hyrox.com/gym/HGY_Rxuc4r6CblqlMkoKN4Qxk6tJG","","","","SOURCE_INCOMPLETE","source-required-fields-missing","","","official source lacks stable identity, name, or usable location data","repeated coordinate without address treated as a source placeholder","true"
"g-zone PARK","HGY_C0V7CK7K15SLUrMhBvyyO0phM","615-0933, 京都府, 京都市右京区梅津後藤町1-3","https://hyrox-training-finder.hyrox.com/gym/HGY_C0V7CK7K15SLUrMhBvyyO0phM","","","","UNMATCHED","no-plausible-existing-location","","","","","true"
"G2FITNESS","HGY_B3b9UhAHRpfS8gfh1UXY6UF35","410-0022, Numazu, 1960-1 Ooka","https://hyrox-training-finder.hyrox.com/gym/HGY_B3b9UhAHRpfS8gfh1UXY6UF35","","","","UNMATCHED","no-plausible-existing-location","","","","","true"
"Gold’s Gym Kashihara Nara","HGY_DnvhbwSSMXQWN6DL1AdCp966G","6340008, Toichicho, Kashihara-shi, 2F Twin Gate Kashihara,1222-1","https://hyrox-training-finder.hyrox.com/gym/HGY_DnvhbwSSMXQWN6DL1AdCp966G","","","","UNMATCHED","no-plausible-existing-location","","","","","true"
"Gold‘s Gym Maebashi Inter","HGY_mAUikrooxzoDevlGFVY7yXt3l","370-0001, Takasaki, Gunma, 44　Nakao-machi, Akamaru A Building, 1F","https://hyrox-training-finder.hyrox.com/gym/HGY_mAUikrooxzoDevlGFVY7yXt3l","","","","UNMATCHED","no-plausible-existing-location","","","","","true"
"Gold's Gym Makuhari Bay-Park Arena","HGY_mkqpr1PrUO2WFjQgpVsFUSkMv","2610014, Chiba-Shi, Makuhari Bay-Park Wellness Center 3-1-37 ｗakaba,Mihama-ku","https://hyrox-training-finder.hyrox.com/gym/HGY_mkqpr1PrUO2WFjQgpVsFUSkMv","","","","UNMATCHED","no-sufficient-identity-rule","50","570.5467944849582","brand/branch name support; postal code exact; prefecture exact; coordinates within 1km","","true"
"Good Habit daikanyama","HGY_7MJZO3Hp7vJJplWi30g6yPwIZ","1500033, shibuyaku, 9-2 レ・ミストラルdaikanyamaB1F","https://hyrox-training-finder.hyrox.com/gym/HGY_7MJZO3Hp7vJJplWi30g6yPwIZ","","","","UNMATCHED","no-plausible-existing-location","5","814.7689256392669","coordinates within 1km","","true"
"GRANDSTONE SKY ATHLETICS","HGY_WwI5XjqwNQ9fVt0tFLF0Y5pTi","6510086, kobe-shi,hyogo-ken, 9F-1-1-18hamabedori,chuo-ku","https://hyrox-training-finder.hyrox.com/gym/HGY_WwI5XjqwNQ9fVt0tFLF0Y5pTi","","","","UNMATCHED","no-plausible-existing-location","","","","","true"
"GRIFIT","HGY_ATTltYOvBe3IOgaC2vYpELOPn","","https://hyrox-training-finder.hyrox.com/gym/HGY_ATTltYOvBe3IOgaC2vYpELOPn","","","","SOURCE_INCOMPLETE","source-required-fields-missing","","","official source lacks stable identity, name, or usable location data","repeated coordinate without address treated as a source placeholder","true"
"GRIT NATION","HGY_SKUdwc4ah4SmXDSqo5EOBbZvP","","https://hyrox-training-finder.hyrox.com/gym/HGY_SKUdwc4ah4SmXDSqo5EOBbZvP","","","","SOURCE_INCOMPLETE","source-required-fields-missing","","","official source lacks stable identity, name, or usable location data","repeated coordinate without address treated as a source placeholder","true"
"GYM FIELD YOKOHAMA HAKURAKU","HGY_8NuvNn7fGPbpsyVdOq0Ml4MSL","","https://hyrox-training-finder.hyrox.com/gym/HGY_8NuvNn7fGPbpsyVdOq0Ml4MSL","","","","SOURCE_INCOMPLETE","source-required-fields-missing","","","official source lacks stable identity, name, or usable location data","repeated coordinate without address treated as a source placeholder","true"
"GymFit Build Run Core","HGY_JIrzMHO2rP2Len2KG3ZOew0ot","213-0001, 川崎市, 神奈川県川崎市高津区溝口2-14-6","https://hyrox-training-finder.hyrox.com/gym/HGY_JIrzMHO2rP2Len2KG3ZOew0ot","","","","UNMATCHED","no-plausible-existing-location","57","117.2126488457955","postal code exact; prefecture exact; coordinates within 200m","","true"
"H-Field Sports Performance Center","HGY_QT7VhrLDp4OIr5MJDDdEFDsGs","980-0023, Sendai, 青葉区北目町2番40号","https://hyrox-training-finder.hyrox.com/gym/HGY_QT7VhrLDp4OIr5MJDDdEFDsGs","","","","UNMATCHED","no-plausible-existing-location","","","","","true"
"HTC CHIKUSA– Human Performance Training Center –","HGY_j1Szv4JmxytARCgfm48f0Z4xS","460-0007, Nagoya, 新栄３丁目６−３","https://hyrox-training-finder.hyrox.com/gym/HGY_j1Szv4JmxytARCgfm48f0Z4xS","","","","UNMATCHED","no-plausible-existing-location","","","","","true"
"Hybrid Beast Sapporo","HGY_OFeOcuxCgnvAFZl5IgUk1XUd0","0640801, 札幌市, 札幌市中央区南1条西22丁目1 Build裏参道2F","https://hyrox-training-finder.hyrox.com/gym/HGY_OFeOcuxCgnvAFZl5IgUk1XUd0","","","","UNMATCHED","no-plausible-existing-location","","","","","true"
"Hyex吉祥寺","HGY_XotZqvZQHBEFn2JSD3GmfJOy8","1800002, 武蔵野市, 吉祥寺東町1−17−18 三角ビルB1","https://hyrox-training-finder.hyrox.com/gym/HGY_XotZqvZQHBEFn2JSD3GmfJOy8","","","","UNMATCHED","no-plausible-existing-location","17","486.5784365088753","city exact; coordinates within 500m","","true"
"Hyex大宮","HGY_gxp3RxDXjGnAXoHd4NDNwGxXP","330-0843, 埼玉県さいたま市大宮区, 吉敷町1-54-1","https://hyrox-training-finder.hyrox.com/gym/HGY_gxp3RxDXjGnAXoHd4NDNwGxXP","","","","UNMATCHED","no-plausible-existing-location","10","551.5612285964708","prefecture exact; coordinates within 1km","","true"
"HYROX365 BC Michiko","HGY_4Kx194vI1vYN16zNDOfdmVGfx","2160042, Kanagawa, Kawasaki, 2-20-12 Minaminogawa Miyamae","https://hyrox-training-finder.hyrox.com/gym/HGY_4Kx194vI1vYN16zNDOfdmVGfx","","","","UNMATCHED","no-plausible-existing-location","","","","","true"
"HYX Gym NAGOYA","HGY_5Gn5GvfvOjcSrI8A5IoBZkV4I","486-0967, Kasugai-shi Aichi Prefecture, 2319-4 Nishi-Honmachi Ajiyoshi","https://hyrox-training-finder.hyrox.com/gym/HGY_5Gn5GvfvOjcSrI8A5IoBZkV4I","","","","UNMATCHED","no-plausible-existing-location","","","","","true"
"Improve KYOTO","HGY_gp7GcAxbIZtxk5KpvoDwAOOcr","6048221, 京都, B1F, 280 Tenjinyama-cho, Nishikikoji-dori Muromachi Nishi-iru, Nakagyo-ku","https://hyrox-training-finder.hyrox.com/gym/HGY_gp7GcAxbIZtxk5KpvoDwAOOcr","","","","UNMATCHED","no-plausible-existing-location","","","","","true"
"J-BOX岡山","HGY_SuW4zEnJyABlIoQuB6Vhcb55a","7000953, Minami-ku, Nishiiti,623-6,Kurozumibuilding,1F","https://hyrox-training-finder.hyrox.com/gym/HGY_SuW4zEnJyABlIoQuB6Vhcb55a","","","","UNMATCHED","no-plausible-existing-location","","","","","true"
"jirogym fitness studio","HGY_90X3Qce65u8nhankG8yTJUVfT","1410031, 品川区, 西五反田7-22-17 TOC building B1F","https://hyrox-training-finder.hyrox.com/gym/HGY_90X3Qce65u8nhankG8yTJUVfT","","","","UNMATCHED","no-plausible-existing-location","10","768.0479675179622","city exact; coordinates within 1km","","true"
"K.K. CrossFitness","HGY_GpxyO4qXkplkOv85yJTN590Q3","106-0032, Tokyo-to, Tokyo, East Roppongi Bldg. 501, Roppongi 3-16-35 MInato-ku","https://hyrox-training-finder.hyrox.com/gym/HGY_GpxyO4qXkplkOv85yJTN590Q3","","","","UNMATCHED","no-plausible-existing-location","17","489.4837703446652","prefecture exact; coordinates within 500m","","true"
"KAMAKURA TRAINING GARAGE","HGY_L3VAddWv1SmZCR2GoXzjkXvDi","247-0056, Kamakura, 3F, Kanno Building, 1-3-12 Ofuna, Kamakura-shi,","https://hyrox-training-finder.hyrox.com/gym/HGY_L3VAddWv1SmZCR2GoXzjkXvDi","","","","UNMATCHED","no-plausible-existing-location","","","","","true"
"KJ PERFORMANCE GYM","HGY_zCI5QN1QMpQrhFiHusfxjG91Z","1420062, Shinagawa, Koyama 2-12-19","https://hyrox-training-finder.hyrox.com/gym/HGY_zCI5QN1QMpQrhFiHusfxjG91Z","","","","UNMATCHED","no-plausible-existing-location","","","","","true"
"KSS健生館×KITAYAMA WORKOUT GYM","HGY_rjvm5Xg83kALSyqrH20YoXws6","","https://hyrox-training-finder.hyrox.com/gym/HGY_rjvm5Xg83kALSyqrH20YoXws6","","","","SOURCE_INCOMPLETE","source-required-fields-missing","","","official source lacks stable identity, name, or usable location data","repeated coordinate without address treated as a source placeholder","true"
"LEAN BODY STORE","HGY_AiNQvbz5TpUUyIPPCXIneECQU","5203015, ritto-shi, #102 silkroom6 1-12-2 anyouji","https://hyrox-training-finder.hyrox.com/gym/HGY_AiNQvbz5TpUUyIPPCXIneECQU","","","","UNMATCHED","no-plausible-existing-location","","","","","true"
"LIVERIC","HGY_BJ47rrRIRrDxsxXY3zuNW9imJ","5410059, Osaka-city, tyuo-ku , bakuroumachi , 4-3-4 3F","https://hyrox-training-finder.hyrox.com/gym/HGY_BJ47rrRIRrDxsxXY3zuNW9imJ","","","","UNMATCHED","no-plausible-existing-location","","","","","true"
"LUAANA CLUB","HGY_7FDA3W6p88v6evTHGBhfHFrvP","1460082, Ota-ku, 7-10-10 Ikegami","https://hyrox-training-finder.hyrox.com/gym/HGY_7FDA3W6p88v6evTHGBhfHFrvP","","","","UNMATCHED","no-plausible-existing-location","","","","","true"
"MEIJI PARK","HGY_wWrNDerG0IQoFDsAo4L7w3io2","1600013, Tokyo, MEIJI PARK, 5-7 Kasumigaokamachi, Shinjuku City","https://hyrox-training-finder.hyrox.com/gym/HGY_wWrNDerG0IQoFDsAo4L7w3io2","","","","UNMATCHED","no-plausible-existing-location","10","801.2694788017693","prefecture exact; coordinates within 1km","","true"
"MotomachiBay Fitness","HGY_cu0qxn1IsExMf7hzxplXEr5ox","231-0862, Yokohama, 27-5 Yamatecho, Naka-ku","https://hyrox-training-finder.hyrox.com/gym/HGY_cu0qxn1IsExMf7hzxplXEr5ox","","","","UNMATCHED","no-plausible-existing-location","","","","","true"
"MUSCLE GATE HOTEL GYM BOUTIQUE Powered by GOLD`S GYM","HGY_QK799RP2OcY1gOAl2xwpkHa4b","542-0085, 大阪府大阪市, 中央区心斎橋筋2－5－15　クロスホテル大阪5F","https://hyrox-training-finder.hyrox.com/gym/HGY_QK799RP2OcY1gOAl2xwpkHa4b","","","","UNMATCHED","no-plausible-existing-location","","","","","true"
"My fit.SHIMIZU","HGY_xCodDFbO9sQpBAa6iadqKFyGE","","https://hyrox-training-finder.hyrox.com/gym/HGY_xCodDFbO9sQpBAa6iadqKFyGE","","","","SOURCE_INCOMPLETE","source-required-fields-missing","","","official source lacks stable identity, name, or usable location data","repeated coordinate without address treated as a source placeholder","true"
"MYFITNESSアスリートハウス","HGY_u1jEfMUhWzm4UY0kr23bbloXw","790-0813, 愛媛県松山市, 萱町3丁目4-9","https://hyrox-training-finder.hyrox.com/gym/HGY_u1jEfMUhWzm4UY0kr23bbloXw","","","","UNMATCHED","no-plausible-existing-location","","","","","true"
"Nack 5 Stadium","HGY_xC6UC9Za5P4gAkSZBNF8JEHOh","3300803, Saitama, 4 Chome Takahanacho, Omiya Ward,","https://hyrox-training-finder.hyrox.com/gym/HGY_xC6UC9Za5P4gAkSZBNF8JEHOh","","","","UNMATCHED","no-plausible-existing-location","","","","","true"
"NIG Training Club","HGY_4wzLJEobhMazi7FA0AThO0VCo","880-0925, 宮崎市, 2042-12 Hongo Kitakata","https://hyrox-training-finder.hyrox.com/gym/HGY_4wzLJEobhMazi7FA0AThO0VCo","","","","UNMATCHED","no-plausible-existing-location","","","","","true"
"NOTA GYM 西京極店","HGY_w8GnFtzgPzHOTZfWMBGzdEtoC","615-0851, 京都市, 京都市右京区西京極西池田町9番地4 コスミック西京極2階","https://hyrox-training-finder.hyrox.com/gym/HGY_w8GnFtzgPzHOTZfWMBGzdEtoC","","","","UNMATCHED","no-plausible-existing-location","","","","","true"
"OTF MACHIDA","HGY_h8B3zjgLhoVELa3YhExLIEuxq","194-0022, Machida-shi, Morino 1-19-20, Odakyu Bus Machida Bldg. B1F","https://hyrox-training-finder.hyrox.com/gym/HGY_h8B3zjgLhoVELa3YhExLIEuxq","","","","UNMATCHED","no-plausible-existing-location","12","437.1489317602171","coordinates within 500m","","true"
"OTF URAWA","HGY_LofMB67LwXKWbb4m2xQmqsqMD","330-0062, saitama, nakamachi 1bankan 1F  urawaku nakachou 1-3-10","https://hyrox-training-finder.hyrox.com/gym/HGY_LofMB67LwXKWbb4m2xQmqsqMD","","","","UNMATCHED","no-plausible-existing-location","17","255.15736833333824","prefecture exact; coordinates within 500m","","true"
"P.U LAB","HGY_GrguErmIvNituRVHMp4XMrzhZ","534-0025, 大阪市都島区, 片町2-6-11-602","https://hyrox-training-finder.hyrox.com/gym/HGY_GrguErmIvNituRVHMp4XMrzhZ","","","","UNMATCHED","no-plausible-existing-location","","","","","true"
"PATRIOT MOTION CLUB","HGY_vKVViER7spGFVzDED6QfEMuP5","311-3115, Ibaraki-machi, Higashiibaraki-gun, Ibaraki, 1680-6 Maeda","https://hyrox-training-finder.hyrox.com/gym/HGY_vKVViER7spGFVzDED6QfEMuP5","","","","UNMATCHED","no-plausible-existing-location","","","","","true"
"Personalgym VITA","HGY_9IKMUsTNBlBvTvkWFddMxqsEg","4440858, Okazaki-shi, 2F,2-7-16,kamimutsuna","https://hyrox-training-finder.hyrox.com/gym/HGY_9IKMUsTNBlBvTvkWFddMxqsEg","","","","UNMATCHED","no-plausible-existing-location","","","","","true"
"Port Tower CrossFit","HGY_XPZszMzcdWvhZx9ZIXD5Qlcvg","650-0003, Kobe, 6-chōme-1 Warizukadōri, Chuo-Ku","https://hyrox-training-finder.hyrox.com/gym/HGY_XPZszMzcdWvhZx9ZIXD5Qlcvg","","","","UNMATCHED","no-plausible-existing-location","","","","","true"
"POTRERO","HGY_lpqlTA67YHaPgwogB58Qkb8tz","185-0012, 東京都, 国分寺市本町2-15-7","https://hyrox-training-finder.hyrox.com/gym/HGY_lpqlTA67YHaPgwogB58Qkb8tz","","","","UNMATCHED","no-plausible-existing-location","17","354.9612337492882","prefecture exact; coordinates within 500m","","true"
"REBOOT","HGY_FOh9oJjQ51QBpvDpMAbb1QnrF","","https://hyrox-training-finder.hyrox.com/gym/HGY_FOh9oJjQ51QBpvDpMAbb1QnrF","","","","SOURCE_INCOMPLETE","source-required-fields-missing","","","official source lacks stable identity, name, or usable location data","repeated coordinate without address treated as a source placeholder","true"
"Red Circle Crossfit Nakagawa","HGY_P4QYjZgyjnKMV2GYc2blZggsY","2240001, Kanagawa, 2-6-23 Nakagawa, Tsuzuki ku , Yokohama","https://hyrox-training-finder.hyrox.com/gym/HGY_P4QYjZgyjnKMV2GYc2blZggsY","","","","UNMATCHED","no-plausible-existing-location","17","234.5748032101399","prefecture exact; coordinates within 500m","","true"
"Redmond","HGY_cBVz2QE1ud5Vy3MNNptUi0O9o","2380021, kanagawa, yokosuka, 2-24-3 fujimicho","https://hyrox-training-finder.hyrox.com/gym/HGY_cBVz2QE1ud5Vy3MNNptUi0O9o","","","","UNMATCHED","no-plausible-existing-location","","","","","true"
"rentalgym BTB","HGY_TQyqCRau2ADAlC7BAIIgG950M","210-0023, 神奈川県, 川崎市, 18-13 小川町, 川崎区","https://hyrox-training-finder.hyrox.com/gym/HGY_TQyqCRau2ADAlC7BAIIgG950M","","","","UNMATCHED","no-plausible-existing-location","22","446.505051942735","prefecture exact; city exact; coordinates within 500m","","true"
"RESTORE BASE","HGY_1kQTLdyeblDc6Nbt13qiH5oib","2310806, Yokohama, Naka-ward honmoku 2-325","https://hyrox-training-finder.hyrox.com/gym/HGY_1kQTLdyeblDc6Nbt13qiH5oib","","","","UNMATCHED","no-plausible-existing-location","","","","","true"
"ReXeR Osaka","HGY_38HM0vs5mKnIfKg8sHrNzl2KU","5410051, Osaka, B1,1F,EDGE Bingomachi,Chuo Ward,Osaka","https://hyrox-training-finder.hyrox.com/gym/HGY_38HM0vs5mKnIfKg8sHrNzl2KU","","","","UNMATCHED","no-plausible-existing-location","","","","","true"
"ReXeR Tokyo","HGY_sIzr19G0LhmZpHzUhEJpv2QLx","1070062, Tokyo, 2-14-14 Minami-Aoyama, Minato-ku","https://hyrox-training-finder.hyrox.com/gym/HGY_sIzr19G0LhmZpHzUhEJpv2QLx","","","","UNMATCHED","no-plausible-existing-location","40","930.533925366064","postal code exact; prefecture exact; coordinates within 1km","","true"
"RLIGHT24 HYROX部","HGY_a672D4AVpogVam9W86vDdYGuj","7700023, 徳島市, 佐古三番町15-22","https://hyrox-training-finder.hyrox.com/gym/HGY_a672D4AVpogVam9W86vDdYGuj","","","","UNMATCHED","no-plausible-existing-location","","","","","true"
"SamiFitness","HGY_6okPO396AJbISj7LTMTlrkEPD","1060047, Tokyo, Minami Azabu 5-2-9","https://hyrox-training-finder.hyrox.com/gym/HGY_6okPO396AJbISj7LTMTlrkEPD","","","","UNMATCHED","no-plausible-existing-location","10","928.2532824811138","prefecture exact; coordinates within 1km","","true"
"Shoji Ueda　GYM  dammy","HGY_x5BzXBk4iDcdWkMsTrZyZ2l4f","2510037, fujisawa, kugenuma7","https://hyrox-training-finder.hyrox.com/gym/HGY_x5BzXBk4iDcdWkMsTrZyZ2l4f","","","","UNMATCHED","no-plausible-existing-location","","","","","true"
"Square fitness kasumigaseki.S","HGY_ieFxGEcXDTIJbIkfnlyMiXSkG","3501103, Saitama, 1-3-8 Kasumigaseki Higashi Kawagoe-shi, Saitama","https://hyrox-training-finder.hyrox.com/gym/HGY_ieFxGEcXDTIJbIkfnlyMiXSkG","","","","UNMATCHED","no-plausible-existing-location","","","","","true"
"STANCE FITNESS ２ND","HGY_gdqY3Z5sigmQLLGmSGbjG26sR","6008387, 京 都 市, 下 京 区 高 辻 大 宮 町 1 0 3 大 宮 高 辻 ビ ル 2 階","https://hyrox-training-finder.hyrox.com/gym/HGY_gdqY3Z5sigmQLLGmSGbjG26sR","","","","UNMATCHED","no-plausible-existing-location","","","","","true"
"SureGym（シュアジム）君津店","HGY_VtlzLZmJraDc0Q1rWUvkktOkD","299-1151, Chiba, 3-10-16 Nakano, Kimitsu-shi","https://hyrox-training-finder.hyrox.com/gym/HGY_VtlzLZmJraDc0Q1rWUvkktOkD","","","","UNMATCHED","no-plausible-existing-location","","","","","true"
"SYNC FIT.","HGY_tgrQRvP5Qoznb4bNosTXVoihV","","https://hyrox-training-finder.hyrox.com/gym/HGY_tgrQRvP5Qoznb4bNosTXVoihV","","","","SOURCE_INCOMPLETE","source-required-fields-missing","","","official source lacks stable identity, name, or usable location data","repeated coordinate without address treated as a source placeholder","true"
"Takamatsu CrossFit","HGY_c816ru6QeTv14At3O51pjK8au","7618056, 高松市, 上天神町634","https://hyrox-training-finder.hyrox.com/gym/HGY_c816ru6QeTv14At3O51pjK8au","","","","UNMATCHED","no-plausible-existing-location","","","","","true"
"THE PICKLE BANG THEORY","HGY_LUMiZByOSjT9LQQgyPQdvMSCE","272-0021, Ichikawa, 八幡2-16-6 6F","https://hyrox-training-finder.hyrox.com/gym/HGY_LUMiZByOSjT9LQQgyPQdvMSCE","","","","UNMATCHED","no-plausible-existing-location","52","58.53497752758001","postal code exact; coordinates within 200m","","true"
"THEパーソナルトレーニング新潟","HGY_uKdKtwcICbq2c8iwKmwqdpxhJ","9500912, 新潟市, 中央区南笹口1-9-29","https://hyrox-training-finder.hyrox.com/gym/HGY_uKdKtwcICbq2c8iwKmwqdpxhJ","","","","UNMATCHED","no-plausible-existing-location","","","","","true"
"TLS FITNESS KAMIITABASHI","HGY_AHoCtS3to66qSTwkomuID9Bf3","174-0076, Itabashi Ward, Tokyo, 2-31-11-2F, Kamiitabashi","https://hyrox-training-finder.hyrox.com/gym/HGY_AHoCtS3to66qSTwkomuID9Bf3","","","","UNMATCHED","no-plausible-existing-location","","","","","true"
"TLS FITNESS MUSASHISEKI","HGY_69jFpAIGuEf6xNAHdTpSEBIwR","177-0051, Nerima Ward, 2-29-9-2F, Sekimachikita","https://hyrox-training-finder.hyrox.com/gym/HGY_69jFpAIGuEf6xNAHdTpSEBIwR","","","","UNMATCHED","no-plausible-existing-location","","","","","true"
"TLS FITNESS NAGAHARA","HGY_BxeyXbrPQJ0gqrRx5fQBEe5hC","145-0064, Ota City, 1-11-2, Kamiikedai","https://hyrox-training-finder.hyrox.com/gym/HGY_BxeyXbrPQJ0gqrRx5fQBEe5hC","","","","UNMATCHED","no-plausible-existing-location","","","","","true"
"TOMMY WORKOUT GYM","HGY_tttU7yUgXd0aaJHOjKg5BCkSn","1530064, Tokyo, 3-4-2 Shimomeguro, Meguro-ku,","https://hyrox-training-finder.hyrox.com/gym/HGY_tttU7yUgXd0aaJHOjKg5BCkSn","","","","UNMATCHED","no-plausible-existing-location","17","417.82677857131466","prefecture exact; coordinates within 500m","","true"
"TRANSIT GYM","HGY_vxpsLHHaOUkkrFxB7welZply6","251-0032, Fujisawa, Katase,2-16-21","https://hyrox-training-finder.hyrox.com/gym/HGY_vxpsLHHaOUkkrFxB7welZply6","","","","UNMATCHED","no-plausible-existing-location","","","","","true"
"Triangle Co., Ltd.","HGY_oDeEhxzojI1lC8iPahxfmqnB3","558-0043, Osaka Prefecture, Osaka City, Sumie 2-chome 1-4","https://hyrox-training-finder.hyrox.com/gym/HGY_oDeEhxzojI1lC8iPahxfmqnB3","","","","UNMATCHED","no-plausible-existing-location","","","","","true"
"TRIVE","HGY_In33itcmu8v93rkwKZy42O3U6","5410056, 大阪市中央区, 久太郎町3-4-23 林和ビル5F","https://hyrox-training-finder.hyrox.com/gym/HGY_In33itcmu8v93rkwKZy42O3U6","","","","UNMATCHED","no-plausible-existing-location","","","","","true"
"TrueFitness 吹田 HYROX","HGY_XsJSB4jNTUfR4otyZrmg22J81","5640027, Suita-shi , Osaka, 2F, Suita SANKUSU No.2 Building, 2-101 Asahi-cho","https://hyrox-training-finder.hyrox.com/gym/HGY_XsJSB4jNTUfR4otyZrmg22J81","","","","UNMATCHED","no-plausible-existing-location","","","","","true"
"UBX Aobadai","HGY_az9UDrEFxvUWQKCA02UiR5GVY","2270062, Yokohama, Hikobe Building 1F, 1-29-1 Aobadai, Aoba-ku,","https://hyrox-training-finder.hyrox.com/gym/HGY_az9UDrEFxvUWQKCA02UiR5GVY","","","","UNMATCHED","no-plausible-existing-location","","","","","true"
"UBX Chuorinkan","HGY_yeaRUcBgLaGGSgJ0FWDMnVgd8","2420007, Yamato-shi, Kanagawa, LAPLA Chuo-Rinkan 2F, 8-25-8 Chuo-Rinkan","https://hyrox-training-finder.hyrox.com/gym/HGY_yeaRUcBgLaGGSgJ0FWDMnVgd8","","","","UNMATCHED","no-plausible-existing-location","17","219.03204489988306","prefecture exact; coordinates within 500m","","true"
"UBX Gakugeidaigaku","HGY_4wRU1wOwpCjXj6RwKZq46kVfA","1520004, Meguro-ku, Tokyo, Mansion Takaban BF, 2-4-7 Takaban","https://hyrox-training-finder.hyrox.com/gym/HGY_4wRU1wOwpCjXj6RwKZq46kVfA","","","","UNMATCHED","no-plausible-existing-location","27","151.96582566371248","prefecture exact; coordinates within 200m","","true"
"UBX Nishikasai","HGY_nrmk6sTnBrGkV8zdarIrCOxa6","1340088, Edogawa-ku, Tokyo, COCO House Nishikasai 2F, 5-1-11 Nishikasai","https://hyrox-training-finder.hyrox.com/gym/HGY_nrmk6sTnBrGkV8zdarIrCOxa6","","","","UNMATCHED","no-plausible-existing-location","57","185.1959768394959","postal code exact; prefecture exact; coordinates within 200m","","true"
"UFC Gym Ogikubo","HGY_NGStYUdZn1ur6ZXx2gNf1MPCo","167-0051, 杉並区, 荻窪5-20-5 B1","https://hyrox-training-finder.hyrox.com/gym/HGY_NGStYUdZn1ur6ZXx2gNf1MPCo","","","","UNMATCHED","no-plausible-existing-location","12","282.1790357071307","coordinates within 500m","","true"
"UFC Gym YOGA","HGY_e0rqkrg7L4ataPZD4gGoOL0W9","158-0096, Tokyo, Setagaya Tamagawadai 2-22-20","https://hyrox-training-finder.hyrox.com/gym/HGY_e0rqkrg7L4ataPZD4gGoOL0W9","","","","UNMATCHED","no-plausible-existing-location","27","130.20580165741407","prefecture exact; coordinates within 200m","","true"
"Urban Heroes Tokyo","HGY_EixPsvYrIifAztmXBj8p1XAyw","1060031, Minatoku, 3-5-35 Nishiazabu #403","https://hyrox-training-finder.hyrox.com/gym/HGY_EixPsvYrIifAztmXBj8p1XAyw","","","","UNMATCHED","no-plausible-existing-location","5","844.6230596256236","coordinates within 1km","","true"
"VAMOS","HGY_CKpn4DHneWfrqTUVaA7D5Whop","1500011, 3-20-2 KIビル, Tokyo Shibuya-ku Higashi","https://hyrox-training-finder.hyrox.com/gym/HGY_CKpn4DHneWfrqTUVaA7D5Whop","","","","UNMATCHED","no-plausible-existing-location","17","301.0624021167863","prefecture exact; coordinates within 500m","","true"
"VAMOS FIELD KamiIkebukuro","HGY_HyOiWuqQnPyPOR4J3eI86EztG","1700004, Toshimaku, 3-10-4 kita otsuka","https://hyrox-training-finder.hyrox.com/gym/HGY_HyOiWuqQnPyPOR4J3eI86EztG","","","","UNMATCHED","no-plausible-existing-location","35","611.887568020489","postal code exact; coordinates within 1km","","true"
"WELL KNOT OSAKA","HGY_ZNrEPR3JKwl8MjuiitlbezA4t","5340025, Miyakojima-ku, Osaka-shi, 2-7-23 Katamachi","https://hyrox-training-finder.hyrox.com/gym/HGY_ZNrEPR3JKwl8MjuiitlbezA4t","","","","UNMATCHED","no-plausible-existing-location","","","","","true"
"ＸＴＲＹ","HGY_MFCsmHPD9dh968h6jJoJMVRcr","7000973, 岡山市, 岡山県岡山市北区下中野377-1","https://hyrox-training-finder.hyrox.com/gym/HGY_MFCsmHPD9dh968h6jJoJMVRcr","","","","UNMATCHED","no-plausible-existing-location","","","","","true"
"Yoshiyuki Hirano 善之 平野","HGY_0PfI4t6UgVADRV7RfgXX48PR8","577-0002, osaka, higashiosakashi, 1-3-25, inadauemachi","https://hyrox-training-finder.hyrox.com/gym/HGY_0PfI4t6UgVADRV7RfgXX48PR8","","","","UNMATCHED","no-plausible-existing-location","","","","","true"
"Yunami Fitness","HGY_XtsKlmBFCkXJcX8703QafobrI","1310031, Sumida-ku, 2-29-14, Sumida","https://hyrox-training-finder.hyrox.com/gym/HGY_XtsKlmBFCkXJcX8703QafobrI","","","","UNMATCHED","no-plausible-existing-location","","","","","true"
"ZENITH FITNESS","HGY_KqtNHNJuS9bxAfH4mTf5V0Ojz","3020006, Toride, 356-5 Aoyanagi","https://hyrox-training-finder.hyrox.com/gym/HGY_KqtNHNJuS9bxAfH4mTf5V0Ojz","","","","UNMATCHED","no-plausible-existing-location","","","","","true"
"イージートゥアップ","HGY_fQVwlHEYY1obNCVUUJSvk4Efc","1-5-3 Zengenjicho, miyakojimaku, 2Fmiyoshibuilding","https://hyrox-training-finder.hyrox.com/gym/HGY_fQVwlHEYY1obNCVUUJSvk4Efc","","","","UNMATCHED","no-plausible-existing-location","","","","","true"
"エスティフィットネスクラブ","HGY_w8bQvi3oZi0Uan43p91ImN3MP","4750021, 半田市, 州の崎町2丁目36番地","https://hyrox-training-finder.hyrox.com/gym/HGY_w8bQvi3oZi0Uan43p91ImN3MP","","","","UNMATCHED","no-plausible-existing-location","8","277286.5082029071","name similarity >= 0.45","","true"
"エニタイムフィットネス西町店","HGY_hh8OAkaxSb7jABGYdA8MH6mgA","0630062, 札幌市, 西区西町南2-1-16","https://hyrox-training-finder.hyrox.com/gym/HGY_hh8OAkaxSb7jABGYdA8MH6mgA","","","","UNMATCHED","no-plausible-existing-location","","","","","true"
"オレンジセオリーフィットネス 八王子オーパ","HGY_GUa4TuelZVO6XiKTfVGi9MmkF","192-0083, Hachioji, Hachioji OPA 6F, 1-12 Asahi-cho","https://hyrox-training-finder.hyrox.com/gym/HGY_GUa4TuelZVO6XiKTfVGi9MmkF","","","","UNMATCHED","no-plausible-existing-location","52","128.35811665087175","postal code exact; coordinates within 200m","","true"
"オレンジセオリーフィットネス下北沢","HGY_B9sy6uIdHbgwEkUt5vKBAigMH","155-0032, Setagaya, No.R Shimokitazawa B1F, 5-31-8 Daizawa","https://hyrox-training-finder.hyrox.com/gym/HGY_B9sy6uIdHbgwEkUt5vKBAigMH","","","","UNMATCHED","no-plausible-existing-location","5","534.8824429952896","coordinates within 1km","","true"
"オレンジセオリーフィットネス関内","HGY_azt9tOadi7pmSggVQmQJ6hWZ3","231-0015, Yokohama, 4-52 Onoe-cho, Naka-ku","https://hyrox-training-finder.hyrox.com/gym/HGY_azt9tOadi7pmSggVQmQJ6hWZ3","","","","UNMATCHED","no-plausible-existing-location","12","403.80001700463333","coordinates within 500m","","true"
"オレンジセオリーフィットネス溝の口","HGY_n4xTGpLhdouLv9TzuLk2J1OoV","2130001, Kawasaki, 1-13-18-B1 Mizonokuchi, Takatsu","https://hyrox-training-finder.hyrox.com/gym/HGY_n4xTGpLhdouLv9TzuLk2J1OoV","","","","UNMATCHED","no-plausible-existing-location","42","406.43234272648107","postal code exact; coordinates within 500m","","true"
"オレンジセオリーフィットネス三鷹","HGY_AoLBcMl9MBTosyMcyW5KxrTM4","181-0013, Mitaka, 2nd Ninotaka Bldg. 2F, 3-34-4 Shimorenjaku","https://hyrox-training-finder.hyrox.com/gym/HGY_AoLBcMl9MBTosyMcyW5KxrTM4","","","","UNMATCHED","no-plausible-existing-location","22","100.26575483745383","coordinates within 200m","","true"
"オレンジセオリーフィットネス自由が丘","HGY_Yvk64SmAD8pm5EDZ2m9rR02Cx","1520035, Tokyo, 2-17-1-B1 Jiyugaoka, Meguro","https://hyrox-training-finder.hyrox.com/gym/HGY_Yvk64SmAD8pm5EDZ2m9rR02Cx","","","","UNMATCHED","no-plausible-existing-location","17","326.0775406494872","prefecture exact; coordinates within 500m","","true"
"オレンジセオリーフィットネス青葉台","HGY_Gytouu2Jl1EjSpgwMrT4tlmkc","2270062, Yokohama, 2-8-20-2F, Aobadai, Aoba","https://hyrox-training-finder.hyrox.com/gym/HGY_Gytouu2Jl1EjSpgwMrT4tlmkc","","","","UNMATCHED","no-plausible-existing-location","","","","","true"
"オレンジセオリーフィットネス池下","HGY_THuICnaU3oVt3DAY6FgPgQspb","4640841, Nagoya, 8-70-1 Kakuozantori, Chikusa","https://hyrox-training-finder.hyrox.com/gym/HGY_THuICnaU3oVt3DAY6FgPgQspb","","","","UNMATCHED","no-plausible-existing-location","","","","","true"
"オレンジセオリーフィットネス東久留米","HGY_fd08dzI687maGklD0PMhGHHZ7","2030014, Higashikurume, 1-15-2F, HIgashi-honcho","https://hyrox-training-finder.hyrox.com/gym/HGY_fd08dzI687maGklD0PMhGHHZ7","","","","UNMATCHED","no-plausible-existing-location","","","","","true"
"オレンジセオリーフィットネス八事","HGY_DUga56vMn8fhpPz2dd0ZYSL8A","4660834, Nagoya, 1-1 Umezono, Hiroji-cho, Showa-ku","https://hyrox-training-finder.hyrox.com/gym/HGY_DUga56vMn8fhpPz2dd0ZYSL8A","","","","UNMATCHED","no-plausible-existing-location","","","","","true"
"オレンジセオリーフィットネス武蔵小金井","HGY_kk6NqoZrMoGBicxYBwVJafaE2","1840004, Koganei, 6-2-30-3F Honcho","https://hyrox-training-finder.hyrox.com/gym/HGY_kk6NqoZrMoGBicxYBwVJafaE2","","","","UNMATCHED","no-plausible-existing-location","5","744.5521771768819","coordinates within 1km","","true"
"オレンジセオリーフィットネス本八幡","HGY_i25m4SPcDFBD8fDB1UFmCNZvP","272-0021, Ichikawa-shi, 2-5-8-2F, Yawata","https://hyrox-training-finder.hyrox.com/gym/HGY_i25m4SPcDFBD8fDB1UFmCNZvP","","","","UNMATCHED","no-plausible-existing-location","52","73.52108334702751","postal code exact; coordinates within 200m","","true"
"オレンジセオリーフィットネス麻布十番","HGY_MBiqaWicnf0xZ4Ftz9b8aMRTE","106-0045, Minato City, 1-7-5-B2 Azabujuban, Minato-ku","https://hyrox-training-finder.hyrox.com/gym/HGY_MBiqaWicnf0xZ4Ftz9b8aMRTE","","","","UNMATCHED","no-plausible-existing-location","22","178.22023657966045","coordinates within 200m","","true"
"きん肉こまつ","HGY_hxrks6HbdDFZBBpodBKZJ7Gb4","5998236, 大阪府堺市中区, 深井沢町307-9","https://hyrox-training-finder.hyrox.com/gym/HGY_hxrks6HbdDFZBBpodBKZJ7Gb4","","","","UNMATCHED","no-plausible-existing-location","","","","","true"
"ゴールドジムハラジュクトウキョウ","HGY_QPyi483gAfTjVXv2QoNn5d55m","1500001, 東京都, 渋谷区神宮前6-31-17　V28　4F・3F・B2F","https://hyrox-training-finder.hyrox.com/gym/HGY_QPyi483gAfTjVXv2QoNn5d55m","1e1dc6eb-ec16-4850-978a-ac3c513f55ab","golds-gym-13150","原宿東京","CONFIRMED_MATCH","brand-address-postal-coordinate-exact","110","16.003736208718134","brand/branch name support; normalized address exact; postal code exact; prefecture exact; coordinates within 50m","","false"
"ゴールドジム浦安千葉","HGY_x72wxyNcqCoMCbZxzQkr7nHAk","279-0002, 千葉県, 浦安市北栄1-13-25 トライアル西友パートⅡ 5階","https://hyrox-training-finder.hyrox.com/gym/HGY_x72wxyNcqCoMCbZxzQkr7nHAk","e84c2ea2-bc63-4788-b050-590cfefebe42","golds-gym-12160","浦安千葉","CONFIRMED_MATCH","name-and-postal-supported","108","23.738932706222673","name similarity >= 0.45; brand/branch name support; brand-stripped branch name exact; postal code exact; prefecture exact; coordinates within 50m","","false"
"ゴールドジム原宿ANNEX","HGY_IyVQTdTdvlkUGVmcaAvVV5BHD","1500001, 渋谷区, 神宮前1-5-8　神宮前タワービルディング1F・B1F","https://hyrox-training-finder.hyrox.com/gym/HGY_IyVQTdTdvlkUGVmcaAvVV5BHD","7d7216d0-692e-45dd-ad3c-6c4980fdc50a","golds-gym-9999","原宿ANNEX","CONFIRMED_MATCH","name-and-postal-supported","115","15.161187669135211","name similarity >= 0.65; brand/branch name support; brand-stripped branch name exact; postal code exact; city exact; coordinates within 50m","","false"
"ゴールドジム千葉ニュータウン","HGY_CckOFxMw5VG60QfRbUzlk3VMy","270-1340, 印西市, 中央南1-8千葉ニュータウン駅前センタービル3階","https://hyrox-training-finder.hyrox.com/gym/HGY_CckOFxMw5VG60QfRbUzlk3VMy","4d3bd3ba-cb00-44be-bdd6-d9b901f73195","golds-gym-chiba-newtown","千葉ニュータウン","CONFIRMED_MATCH","name-and-postal-supported","115","30.535200625627994","name similarity >= 0.65; brand/branch name support; brand-stripped branch name exact; postal code exact; city exact; coordinates within 50m","","false"
"ゴールドジム東陽町スーパーセンター","HGY_HfEQpiP2Ha2HB3HYzCFuZJA7R","135-0016, Koto City, 東京都江東区東陽2-2-20","https://hyrox-training-finder.hyrox.com/gym/HGY_HfEQpiP2Ha2HB3HYzCFuZJA7R","d75c411f-2b58-476d-aa68-f7bde9000002","golds-gym-71221","東陽町スーパーセンター","CONFIRMED_MATCH","official-url-exact","175","48.66102823387529","official URL exact; name similarity >= 0.65; brand/branch name support; brand-stripped branch name exact; postal code exact; prefecture exact; coordinates within 50m","","false"
"ジムフィールド堺東スタジオ","HGY_diFBy7oXAn6GUnOvyW556WTVW","590-0076, sakai, El Place Sakaihigashi 4F,2-1-9 Kitakawaramachi,Sakai-ku","https://hyrox-training-finder.hyrox.com/gym/HGY_diFBy7oXAn6GUnOvyW556WTVW","","","","UNMATCHED","no-plausible-existing-location","","","","","true"
"ジムフィールド所沢スタジオ","HGY_8sKmKHEiaR8tARb6zZUUbaYjU","3590023, 所沢市, 東所沢和田３丁目３１−３","https://hyrox-training-finder.hyrox.com/gym/HGY_8sKmKHEiaR8tARb6zZUUbaYjU","","","","UNMATCHED","no-plausible-existing-location","","","","","true"
"ジムフィールド梅田スタジオ","HGY_KaZs1vtKjZL5y93x84bg7nOEf","553-0003, Osaka, 福島区福島6-17-5","https://hyrox-training-finder.hyrox.com/gym/HGY_KaZs1vtKjZL5y93x84bg7nOEf","","","","UNMATCHED","no-plausible-existing-location","","","","","true"
"ジムフィールド豊中スタジオ","HGY_HxEZO63b6wj0lpmQE74SHJiW7","5610807, 大阪府豊中市, 原田中1－9－7","https://hyrox-training-finder.hyrox.com/gym/HGY_HxEZO63b6wj0lpmQE74SHJiW7","","","","UNMATCHED","no-plausible-existing-location","","","","","true"
"ジムフィールド立川スタジオ","HGY_NQpcBUNqEa0NgQIdRDaDLV9Zn","","https://hyrox-training-finder.hyrox.com/gym/HGY_NQpcBUNqEa0NgQIdRDaDLV9Zn","","","","SOURCE_INCOMPLETE","source-required-fields-missing","","","official source lacks stable identity, name, or usable location data","repeated coordinate without address treated as a source placeholder","true"
"セミパーソナルジムLAULE'A50Fitness 天満橋店","HGY_QFXRcpJLiJTC7URRjjI95KhmK","5400008, 大阪市, 大阪府大阪市中央区大手前１丁目４−２ 都住創大手前 1階","https://hyrox-training-finder.hyrox.com/gym/HGY_QFXRcpJLiJTC7URRjjI95KhmK","","","","UNMATCHED","no-plausible-existing-location","","","","","true"
"セミパーソナルジムLAULE'A50Fitness 本町店","HGY_OU7kGXxVCornn7wzKRPPXbxCF","541-0054, 大阪市, 大阪府大阪市中央区南本町3丁目3-17 丸松ビル5階","https://hyrox-training-finder.hyrox.com/gym/HGY_OU7kGXxVCornn7wzKRPPXbxCF","","","","UNMATCHED","no-plausible-existing-location","","","","","true"
"セミパーソナルジムLAULE'AFitness 肥後橋店","HGY_62fLjfXiUAb25Wr1LcP1VhbT5","","https://hyrox-training-finder.hyrox.com/gym/HGY_62fLjfXiUAb25Wr1LcP1VhbT5","","","","SOURCE_INCOMPLETE","source-required-fields-missing","","","official source lacks stable identity, name, or usable location data","repeated coordinate without address treated as a source placeholder","true"
"パーソナルジムハクト","HGY_f8sZVaVktoc9eBl6vRaTzBDWe","2320027, Yokohama,Kanagawa, #102,2-4-27 Shinkawacho,Minamiku","https://hyrox-training-finder.hyrox.com/gym/HGY_f8sZVaVktoc9eBl6vRaTzBDWe","","","","UNMATCHED","no-plausible-existing-location","","","","","true"
"ハイアルチ下北沢スタジオ","HGY_I5QXnm7FEYFTEAvXmWjgmeNA3","1550033, Tokyo, 1F, TOKYU REIT Shimokitazawa square, 6-6-1 Daita, Setagaya-ku,","https://hyrox-training-finder.hyrox.com/gym/HGY_I5QXnm7FEYFTEAvXmWjgmeNA3","","","","UNMATCHED","no-plausible-existing-location","17","416.5205296651349","prefecture exact; coordinates within 500m","","true"
"株式会社A-FIT","HGY_PTCPMA6AlqAWcEAIWWlXMuAJz","","https://hyrox-training-finder.hyrox.com/gym/HGY_PTCPMA6AlqAWcEAIWWlXMuAJz","","","","SOURCE_INCOMPLETE","source-required-fields-missing","","","official source lacks stable identity, name, or usable location data","repeated coordinate without address treated as a source placeholder","true"
"株式会社INSPA","HGY_Em6Ykdm6hSAiCWilyjc9Wdiqk","221-0054, 横浜市, 神奈川区山内町15-2","https://hyrox-training-finder.hyrox.com/gym/HGY_Em6Ykdm6hSAiCWilyjc9Wdiqk","","","","UNMATCHED","no-plausible-existing-location","","","","","true"
"株式会社THINKフィットネス ゴールドジム浜松町東京","HGY_f2kvOaab0cCRi8pkmmU0AHBis","105-0022, 東京都港区, 海岸1－2－3　汐留芝離宮ビルディング2階","https://hyrox-training-finder.hyrox.com/gym/HGY_f2kvOaab0cCRi8pkmmU0AHBis","569aecf8-aa02-41da-b37a-7e2e20f160fb","golds-gym-13210","浜松町東京","CONFIRMED_MATCH","brand-address-postal-coordinate-exact","102","63.51637398701645","brand/branch name support; normalized address exact; postal code exact; prefecture exact; coordinates within 200m","","false"
"株式会社くじら","HGY_j4WdDNYzQ7CikkifAS1S5rLC0","","https://hyrox-training-finder.hyrox.com/gym/HGY_j4WdDNYzQ7CikkifAS1S5rLC0","","","","SOURCE_INCOMPLETE","source-required-fields-missing","","","official source lacks stable identity, name, or usable location data","repeated coordinate without address treated as a source placeholder","true"
